Kanton;Gemeinde;FlÑche;LÑngengrad;Breitengrad
ZH;Adlikon;661;695418;271261
ZH;Adliswil;778;681867;240400
ZH;Aesch bei Birmensdorf;524;675158;243208
ZH;Aeugst am Albis;790;679526;236597
ZH;Affoltern am Albis;1061;676530;237249
ZH;Altikon;772;701229;270491
ZH;Andelfingen;672;693034;272081
ZH;BachenbÅlach;428;683395;261815
ZH;Bachs;914;674593;264661
ZH;BÑretswil;2224;708335;243974
ZH;Bassersdorf;903;689895;255083
ZH;Bauma;2074;709150;247940
ZH;Benken (ZH);566;691300;278870
ZH;Berg am Irchel;702;686881;268594
ZH;Bertschikon;971;704943;265293
ZH;Birmensdorf (ZH);1141;675257;245262
ZH;Bonstetten;741;677694;241154
ZH;Boppelsen;397;672993;258357
ZH;BrÅtten;660;693006;258964
ZH;Bubikon;1159;703636;235968
ZH;Buch am Irchel;1028;689489;267048
ZH;Buchs (ZH);585;675304;256928
ZH;BÅlach;1612;682994;264732
ZH;Dachsen;270;689094;279538
ZH;DÑgerlen;794;696878;268814
ZH;DÑllikon;449;674964;254762
ZH;DÑnikon;286;672946;255322
ZH;DÑttlikon;289;689123;264741
ZH;Dielsdorf;587;676575;258911
ZH;Dietikon;938;672436;250574
ZH;Dietlikon;426;688784;253236
ZH;Dinhard;707;699681;268292
ZH;Dorf;559;691165;269639
ZH;DÅbendorf;1362;688984;249525
ZH;DÅrnten;1021;707074;237061
ZH;Egg;1449;694975;239284
ZH;Eglisau;904;681824;269746
ZH;Elgg;1558;707455;261037
ZH;Ellikon an der Thur;503;704271;268955
ZH;Elsau;806;703163;262214
ZH;Embrach;1270;687302;262619
ZH;Erlenbach (ZH);289;688368;239972
ZH;FÑllanden;640;690407;247207
ZH;Fehraltorf;950;699008;249323
ZH;Feuerthalen;249;691082;282388
ZH;Fischenthal;3029;713561;243946
ZH;Flaach;1016;687756;271098
ZH;Flurlingen;241;689962;281992
ZH;Freienstein-Teufen;837;686308;266396
ZH;Geroldswil;193;673444;252665
ZH;Glattfelden;1235;679593;268307
ZH;Gossau (ZH);1827;700580;239923
ZH;Greifensee;233;693721;245417
ZH;Greifensee;818;693754;245302
ZH;GrÅningen;877;700113;237344
ZH;Hagenbuch;811;708225;263841
ZH;Hausen am Albis;1362;683131;233189
ZH;Hedingen;655;676555;239452
ZH;Henggart;300;693717;268705
ZH;Herrliberg;898;690124;239160
ZH;Hettlingen;589;695418;267304
ZH;Hinwil;2228;706942;239919
ZH;Hirzel;970;688011;230513
ZH;Hittnau;1294;705035;247092
ZH;Hochfelden;615;680598;264739
ZH;Hofstetten bei Elgg;879;706775;259072
ZH;Hombrechtikon;1220;700679;234382
ZH;Horgen;2107;686764;233723
ZH;Hîri;481;680144;262402
ZH;Humlikon;370;693035;270122
ZH;HÅntwangen;492;679718;271784
ZH;HÅtten;728;693050;225405
ZH;HÅttikon;159;671740;254990
ZH;Illnau-Effretikon;2530;696386;253249
ZH;Kappel am Albis;792;681217;231034
ZH;Kilchberg (ZH);257;683517;241809
ZH;Kleinandelfingen;1035;692678;273820
ZH;Kloten;1922;686459;256988
ZH;Knonau;649;677554;230898
ZH;KÅsnacht (ZH);1237;688726;241645
ZH;Kyburg;761;698781;256573
ZH;Langnau am Albis;869;682578;237113
ZH;Laufen-Uhwiesen;627;690498;280654
ZH;Lindau;1200;693801;255554
ZH;Lufingen;520;687040;259813
ZH;MÑnnedorf;477;695451;235072
ZH;Marthalen;1412;690176;274855
ZH;Maschwanden;468;675004;232024
ZH;Maur;1476;692306;243520
ZH;Meilen;1195;691833;237329
ZH;Mettmenstetten;1302;677627;233497
ZH;Mînchaltorf;761;697127;241010
ZH;Neerach;606;678098;262641
ZH;Neftenbach;1496;692452;265925
ZH;Niederglatt;362;679891;260796
ZH;Niederhasli;1129;679287;258091
ZH;Niederweningen;687;670550;261772
ZH;NÅrensdorf;1007;691285;257010
ZH;Oberembrach;1025;690077;260418
ZH;Oberengstringen;216;677538;251551
ZH;Oberglatt;828;681820;259191
ZH;Oberrieden;276;685731;236365
ZH;Oberstammheim;943;702613;276079
ZH;Oberweningen;489;672865;262475
ZH;Obfelden;754;674430;234983
ZH;Oetwil am See;612;697225;236691
ZH;Oetwil an der Limmat;277;672370;253800
ZH;Opfikon;559;685500;253874
ZH;Ossingen;1307;696426;274364
ZH;Otelfingen;716;671730;257505
ZH;Ottenbach;500;673444;237186
ZH;PfÑffikon;1956;702362;247061
ZH;Pfungen;498;690684;262971
ZH;Rafz;1071;683070;274189
ZH;Regensberg;238;674632;259068
ZH;Regensdorf;1463;677896;254855
ZH;Rheinau;893;688375;276059
ZH;Richterswil;751;694563;228510
ZH;Rickenbach (ZH);604;701972;267600
ZH;Rifferswil;652;680279;233223
ZH;Rorbas;440;685063;265442
ZH;RÅmlang;1240;682265;255715
ZH;RÅschlikon;293;683812;239868
ZH;Russikon;1430;701850;250919
ZH;RÅti (ZH);1011;708001;235138
ZH;Schlatt (ZH);898;704665;258688
ZH;Schleinikon;568;671845;261259
ZH;Schlieren;659;676268;249845
ZH;Schîfflisdorf;403;673863;261901
ZH;Schînenberg (ZH);1096;691041;227701
ZH;Schwerzenbach;264;691919;248600
ZH;SeegrÑben;377;700433;244288
ZH;Seuzach;757;696943;265635
ZH;Stadel;1286;677666;265759
ZH;StÑfa;858;698043;233651
ZH;Stallikon;1201;679645;241400
ZH;Steinmaur;937;675701;261258
ZH;Sternenberg;875;711402;249635
ZH;Thalheim an der Thur;647;698316;271027
ZH;Thalwil;549;684761;238010
ZH;TrÅllikon;953;693618;277546
ZH;Truttikon;441;697056;276625
ZH;Turbenthal;2515;708714;254505
ZH;Uetikon am See;345;694063;236233
ZH;Uitikon;437;677080;246748
ZH;Unterengstringen;333;675361;251474
ZH;Unterstammheim;730;701513;278254
ZH;Urdorf;760;674296;248132
ZH;Uster;2851;696928;245494
ZH;Volken;318;689640;270212
ZH;Volketswil;1401;694438;249835
ZH;WÑdenswil;1742;691903;231156
ZH;Wald (ZH);2523;712131;238408
ZH;Wallisellen;645;687254;252482
ZH;Waltalingen;728;699756;276167
ZH;Wangen-BrÅttisellen;792;691117;252078
ZH;Wasterkingen;396;677718;272207
ZH;Weiach;956;675343;267750
ZH;Weiningen (ZH);537;674834;252615
ZH;Weisslingen;1284;700689;254144
ZH;Wettswil am Albis;379;677954;243436
ZH;Wetzikon (ZH);1678;703262;242400
ZH;Wiesendangen;961;702343;264936
ZH;Wil (ZH);894;680710;273491
ZH;Wila;916;707317;251922
ZH;Wildberg;1087;704686;252828
ZH;Winkel;814;684395;260076
ZH;Winterthur;6787;697607;261467
ZH;Zell (ZH);1268;703340;256516
ZH;Zollikon;788;687364;244243
ZH;Zumikon;544;689752;243268
ZH;ZÅrich;8781;682466;248575
ZH;ZÅrichsee (ZH);5979;692106;235445
BE;Aarberg;792;588169;210580
BE;Aarwangen;987;624597;231649
BE;Adelboden;8819;608949;146937
BE;Aefligen;203;608416;216186
BE;Aegerten;217;588341;218474
BE;Aeschi bei Spiez;3099;623750;163621
BE;Aeschlen;489;616278;186866
BE;Affoltern im Emmental;1150;622455;213107
BE;Albligen;429;591171;188616
BE;Alchenstorf;656;615556;219303
BE;Allmendingen;380;606278;196190
BE;Amsoldingen;471;611252;174914
BE;Arch;637;599662;223848
BE;Arni (BE);1044;616682;198276
BE;Attiswil;764;613028;233609
BE;Auswil;463;630081;220696
BE;Ballmoos;145;602794;209977
BE;Bangerten;219;600639;211702
BE;Bannwil;479;622101;231999
BE;Bargen (BE);787;585258;209477
BE;BÑriswil;273;607100;207321
BE;BÑtterkinden;1017;606922;220662
BE;Beatenberg;2923;627968;173798
BE;Bellmund;380;585170;216896
BE;Belp;1759;605191;193513
BE;Belpberg;570;606254;190623
BE;Belprahon;383;597390;237738
BE;Berken;139;620223;230553
BE;Bern;5162;597548;199615
BE;Bettenhausen;198;620785;224855
BE;BÇvilard;568;588402;231166
BE;Biel (BE);2123;586536;222046
BE;Bielersee (BE);3889;578664;213961
BE;Biglen;359;614323;197434
BE;Bleienbach;569;624118;225734
BE;Bleiken bei Oberdiessbach;342;615329;185067
BE;Blumenstein;1552;604344;175217
BE;Bolligen;1656;605706;203568
BE;Bollodingen;197;620172;223911
BE;Boltigen;7702;593775;161488
BE;Bînigen;1512;637154;169971
BE;Bowil;1469;620014;193150
BE;Bremgarten bei Bern;191;599758;203004
BE;Brenzikofen;220;613569;184870
BE;Brienz (BE);4799;645855;175764
BE;Brienzersee;2972;640693;175055
BE;Brienzwiler;1766;650144;175659
BE;BrÅgg;499;587828;219703
BE;BrÅttelen;662;578157;208160
BE;Buchholterberg;1532;619198;185411
BE;BÅetigen;361;592363;217228
BE;BÅhl;296;585411;212901
BE;BÅren an der Aare;1262;594841;221203
BE;BÅren zum Hof;342;605537;216248
BE;Burgdorf;1562;613710;211419
BE;Burgistein;753;604933;182325
BE;Busswil bei BÅren;305;591083;216509
BE;Busswil bei Melchnau;287;629617;226376
BE;Champoz;717;590109;234448
BE;ChÉtelat;415;580826;235465
BE;Clavaleyres;101;573570;194122
BE;Corcelles (BE);677;602583;237796
BE;CorgÇmont;1761;577260;226724
BE;Cormoret;1349;570302;223826
BE;CortÇbert;1478;575172;225028
BE;Court;2462;593989;232096
BE;Courtelary;2217;572256;225120
BE;CrÇmines;948;601010;237160
BE;DÑrligen;691;628646;166973
BE;DÑrstetten;3279;603800;168979
BE;Deisswil bei MÅnchenbuchsee;216;601117;209570
BE;Diemerswil;286;598621;207674
BE;Diemtigen;12997;607033;159897
BE;Diessbach bei BÅren;630;594331;217043
BE;Diesse;946;575678;218850
BE;Dotzigen;422;593169;219443
BE;DÅrrenroth;1411;625846;214457
BE;Eggiwil;6032;628253;190538
BE;Englisberg;435;601778;193640
BE;Epsach;344;583407;213287
BE;Eriswil;1133;631829;213506
BE;Eriz;2177;628486;181922
BE;Erlach;351;573645;209527
BE;Erlenbach im Simmental;3672;607721;167717
BE;Ersigen;872;612569;216299
BE;Eschert;658;597647;234955
BE;Etzelkofen;280;603188;214727
BE;Evilard;367;583493;221649
BE;Fahrni;667;616479;183102
BE;Farnern;370;612996;235528
BE;Ferenbalm;918;583684;199134
BE;Finsterhennen;357;580303;207720
BE;Forst;184;606502;179340
BE;Fraubrunnen;769;606989;215325
BE;Frauenkappelen;927;591980;200479
BE;Freimettigen;295;614778;190269
BE;Frutigen;7175;613662;156370
BE;Gadmen;11629;671649;173764
BE;Gals;786;571212;209371
BE;Gampelen;1078;570880;206149
BE;Gelterfingen;349;605884;188074
BE;Gerzensee;779;607889;188375
BE;Golaten;280;585200;204067
BE;Gondiswil;939;632591;221474
BE;Graben;316;621353;229741
BE;Grafenried;471;605233;213877
BE;Grandval;823;599197;236964
BE;Grindelwald;17108;646965;163256
BE;Grossaffoltern;1503;593760;213107
BE;Grosshîchstetten;346;614774;194953
BE;Gsteig;6246;585692;137042
BE;Gsteigwiler;702;634469;166875
BE;Guggisberg;5490;592801;176349
BE;GÅndlischwand;1689;637889;166862
BE;GurbrÅ;184;582976;201643
BE;Gurzelen;454;607422;180479
BE;Gutenburg;61;627375;225824
BE;Guttannen;20079;662766;160905
BE;Habkern;5106;634488;178310
BE;Hagneck;185;580891;211359
BE;Hasle bei Burgdorf;2189;615554;205268
BE;Hasliberg;4174;660355;177557
BE;HÑutligen;307;612668;189689
BE;Heiligenschwendi;555;618620;177898
BE;Heimberg;541;612588;182457
BE;Heimenhausen;319;619567;229230
BE;Heimiswil;2335;617639;212464
BE;Hellsau;148;615907;221435
BE;Herbligen;276;613143;186237
BE;Hermiswil;104;619806;222787
BE;Hermrigen;342;584978;214510
BE;Herzogenbuchsee;686;620852;227113
BE;Hilterfingen;282;616779;176914
BE;Hindelbank;672;607950;210081
BE;Hîchstetten;264;614775;221443
BE;Hîfen;461;609789;174606
BE;Hofstetten bei Brienz;876;648990;179714
BE;Homberg;650;618679;180612
BE;Horrenbach-Buchen;2044;626263;180466
BE;Huttwil;1725;630952;217502
BE;Iffwil;506;602916;212671
BE;Inkwil;336;617266;228085
BE;Innertkirchen;12005;661096;169249
BE;Ins;2391;574283;205286
BE;Interlaken;430;632600;170741
BE;Ipsach;191;584304;218251
BE;Iseltwald;2185;642253;172215
BE;Ittigen;421;602729;203290
BE;Jaberg;132;609709;185370
BE;Jegenstorf;747;604931;211238
BE;Jens;456;587128;216353
BE;Kallnach;1065;582987;207201
BE;Kandergrund;3206;618273;153904
BE;Kandersteg;13456;620716;146470
BE;Kappelen;1096;587722;213557
BE;Kaufdorf;206;604409;187603
BE;Kehrsatz;444;602508;195669
BE;Kernenried;333;608443;212799
BE;KienersrÅti;74;609298;183135
BE;Kiesen;468;610785;184619
BE;Kirchberg (BE);902;612640;214655
BE;Kirchdorf (BE);613;608158;185103
BE;Kirchenthurnen;125;605112;185921
BE;Kirchlindach;1196;598261;205270
BE;Kleindietwil;269;626796;221230
BE;Kîniz;5099;596890;194804
BE;Konolfingen;1279;612918;192843
BE;Koppigen;693;612451;220568
BE;Krattigen;603;623079;166580
BE;Krauchthal;1943;609409;206517
BE;Kriechenwil;475;583032;195588
BE;La Ferriäre;1417;559162;221522
BE;La Heutte;808;583280;226558
BE;La Neuveville;682;574406;213867
BE;Lac de NeuchÉtel (BE);194;569549;204739
BE;Lamboing;910;578528;219614
BE;Landiswil;1026;618323;200503
BE;LÑngenbÅhl;266;607627;178538
BE;Langenthal;1442;626960;229495
BE;Langnau im Emmental;4840;628243;200606
BE;Lauenen;5872;592293;138554
BE;Laupen;412;585056;195473
BE;Lauperswil;2121;623543;201148
BE;Lauterbrunnen;16456;634898;155693
BE;Leimiswil;464;624869;222045
BE;Leissigen;1036;626095;165699
BE;Lengnau (BE);737;594482;225674
BE;Lenk;12305;601271;141640
BE;Leuzigen;1031;602126;224431
BE;Ligerz;180;577344;215735
BE;Limpach;445;604561;217689
BE;Linden;1323;618928;188619
BE;Lohnstorf;180;605680;183944
BE;Lotzwil;619;626786;226647
BE;Loveresse;472;585046;232234
BE;LÅscherz;545;579047;210278
BE;LÅtschental;1235;639406;166096
BE;LÅtzelflÅh;2691;619734;205974
BE;Lyss;1179;590730;213956
BE;Lyssach;606;610637;212862
BE;Madiswil;1526;628236;223511
BE;Malleray;1026;586960;231923
BE;Matten bei Interlaken;592;633318;169233
BE;Mattstetten;381;606224;208025
BE;Meienried;65;592639;220708
BE;Meikirch;1023;594509;206240
BE;Meinisberg;442;593478;223388
BE;Meiringen;4060;653198;174476
BE;Melchnau;1030;631652;225215
BE;Merzligen;228;585958;215160
BE;Mirchel;235;616128;193408
BE;Monible;339;581900;236558
BE;Mont-Tramelan;464;571676;228852
BE;Moosseedorf;634;603554;206600
BE;Mîrigen;216;582781;214830
BE;Mîtschwil;294;609935;210540
BE;Moutier;1960;594173;236281
BE;MÅhleberg;2625;587305;199516
BE;MÅhledorf (BE);228;607024;186317
BE;MÅhlethurnen;292;605472;184992
BE;MÅlchi;382;602842;216710
BE;MÅnchenbuchsee;882;600758;207454
BE;MÅnchenwiler;250;576142;195603
BE;MÅnchringen;241;606558;210829
BE;MÅnsingen;848;609320;191668
BE;MÅntschemier;488;577769;204916
BE;Muri bei Bern;763;604681;197923
BE;Neuenegg;2187;589294;195121
BE;Nidau;152;584995;219282
BE;Niederbipp;1737;620069;235066
BE;NiederhÅnigen;541;615849;191129
BE;Niedermuhlern;725;601764;189612
BE;Niederînz;280;618591;226152
BE;Niederîsch;463;613452;218323
BE;Niederried bei Interlaken;429;637224;175054
BE;Niederried bei Kallnach;454;584241;206160
BE;Niederstocken;548;610139;172332
BE;Niederwichtrach;602;610615;189019
BE;Nods;2665;573038;219197
BE;Noflen;272;608120;183505
BE;Oberbalm;1242;597752;190483
BE;Oberbipp;847;618078;233717
BE;Oberburg;1412;612766;208013
BE;Oberdiessbach;815;614405;187958
BE;Oberhofen am Thunersee;272;618265;175866
BE;OberhÅnigen;602;617670;191189
BE;Oberlangenegg;912;623143;183364
BE;Oberînz;297;618951;224805
BE;Oberîsch;215;613045;217368
BE;Oberried am Brienzersee;2012;639642;178521
BE;Obersteckholz;390;629306;227958
BE;Oberstocken;412;608534;172845
BE;Oberthal;1054;618246;196395
BE;Oberwichtrach;557;610875;187429
BE;Oberwil bei BÅren;672;597935;219976
BE;Oberwil im Simmental;4609;599470;167188
BE;Ochlenberg;1213;622221;221701
BE;Oeschenbach;390;623310;217680
BE;Oppligen;341;612055;185118
BE;Orpund;397;589773;221185
BE;Orvin;2160;581381;222838
BE;Ostermundigen;594;604334;200533
BE;Perrefitte;857;590950;236359
BE;PÇry;1571;586714;227543
BE;Pieterlen;832;591612;224775
BE;Plagne;748;587914;226422
BE;Pohlern;989;606450;173842
BE;Pontenet;273;586046;233233
BE;Port;245;586360;218141
BE;Pràles;697;575454;216059
BE;Radelfingen;1473;587093;205662
BE;Rapperswil (BE);1820;598322;211994
BE;RebÇvelier;354;580898;237701
BE;Reconvilier;824;583669;230659
BE;Reichenbach im Kandertal;12572;622879;158270
BE;Reisiswil;200;630633;223444
BE;Renan (BE);1264;559369;217878
BE;Reutigen;1128;612756;171286
BE;Riggisberg;767;602352;184133
BE;Ringgenberg (BE);875;634552;173139
BE;Roches (BE);905;595661;239212
BE;Roggwil (BE);780;628745;231800
BE;Rohrbach;406;628227;220173
BE;Rohrbachgraben;650;627642;218079
BE;Romont (BE);703;591826;227414
BE;Rîthenbach bei Herzogenbuchsee;204;618536;228449
BE;Rîthenbach im Emmental;3679;624213;187983
BE;Rubigen;693;608099;194293
BE;RÅderswil;1717;621609;203262
BE;RÅdtligen-AlchenflÅh;273;609875;214875
BE;RÅeggisberg;3576;599486;184910
BE;RÅegsau;1509;619182;209709
BE;Rumendingen;242;615612;217156
BE;Rumisberg;515;614832;235671
BE;RÅmligen;465;603812;186304
BE;Ruppoldsried;220;599146;215515
BE;RÅschegg;5728;597503;177160
BE;RÅti bei BÅren;651;597925;222262
BE;RÅti bei Lyssach;129;610927;211501
BE;RÅti bei Riggisberg;2218;601408;180248
BE;RÅtschelen;398;625195;224517
BE;Saanen;11974;588462;147814
BE;Safnern;562;591147;222378
BE;Saicourt;1376;580025;233517
BE;Saint-Imier;2089;565930;222399
BE;Saules (BE);428;583606;233620
BE;Saxeten;1914;629777;163836
BE;Schalunen;139;606572;217867
BE;Schangnau;3648;633947;184542
BE;Schattenhalb;3153;655945;171697
BE;Schelten;556;608473;242212
BE;Scheunen;218;601244;213300
BE;Scheuren;212;591552;220118
BE;Schlosswil;345;613260;195271
BE;SchÅpfen;1982;595135;209419
BE;Schwadernau;412;590807;219198
BE;Schwanden bei Brienz;702;647140;180170
BE;SchwarzhÑusern;379;624850;233923
BE;Schwendibach;150;616965;179879
BE;Seeberg;1574;618536;221276
BE;Seedorf (BE);2086;590475;208471
BE;Seehof;841;606220;239154
BE;Seftigen;389;607678;182139
BE;Signau;2208;622866;196091
BE;Sigriswil;5543;623627;176059
BE;Siselen;550;581564;209131
BE;Sonceboz-Sombeval;1501;580282;226766
BE;Sonvilier;2378;563105;221362
BE;Sornetan;564;583271;235774
BE;Sorvilier;689;590080;231180
BE;Souboz;1070;586467;235986
BE;Spiez;1672;617739;170632
BE;St.Stephan;6092;599130;150431
BE;Steffisburg;1336;614819;181160
BE;Stettlen;352;606357;200619
BE;Studen;272;589688;217966
BE;Sumiswald;5937;628584;209051
BE;Sutz-Lattrigen;359;583413;216396
BE;TÑgertschi;364;611324;191264
BE;TÑuffelen;440;581708;212719
BE;Tavannes;1478;580698;230081
BE;Teuffenthal (BE);453;620928;179447
BE;Thierachern;752;610204;177778
BE;Thîrigen;453;622128;224671
BE;Thun;2158;614024;177282
BE;Thunersee;4769;621594;171265
BE;Thunstetten;965;623323;228330
BE;Toffen;490;604099;189747
BE;Trachselwald;1597;626065;206545
BE;Tramelan;2483;574109;230758
BE;Treiten;476;579162;206226
BE;Trimstein;363;610535;194654
BE;Trub;6202;634465;201407
BE;Trubschachen;1563;630341;195336
BE;Tschugg;329;572549;208139
BE;TÅscherz-AlfermÇe;334;581596;219068
BE;Twann;910;578863;216944
BE;Uebeschi;440;608304;176483
BE;Uetendorf;1015;610382;180432
BE;Unterlangenegg;681;620048;183155
BE;Unterseen;1403;630793;171636
BE;Untersteckholz;283;630714;228528
BE;Ursenbach;914;624695;219868
BE;Urtenen;718;604643;207915
BE;Uttigen;305;610511;182538
BE;Utzenstorf;1694;609477;219223
BE;Vauffelin;596;589373;226065
BE;Vechigen;2483;609897;201336
BE;Villeret;1623;568336;223368
BE;Vinelz;457;575723;209115
BE;Wachseldorn;352;622779;185482
BE;Wahlern;4051;593797;185347
BE;Walkringen;1719;614365;201086
BE;Walliswil bei Niederbipp;148;619432;231723
BE;Walliswil bei Wangen;305;618543;230711
BE;Walperswil;694;583684;211264
BE;Walterswil (BE);790;625156;217081
BE;Wangen an der Aare;523;616024;231159
BE;Wangenried;291;616693;229671
BE;Wanzwil;62;619169;227592
BE;Wattenwil;1454;604132;178684
BE;Wengi;707;596715;215018
BE;Wiedlisbach;749;616128;232777
BE;Wiggiswil;143;602475;208926
BE;Wilderswil;1352;632716;166138
BE;Wiler bei Utzenstorf;382;609069;222431
BE;Wileroltigen;416;584789;202340
BE;Willadingen;216;613376;221800
BE;Wimmis;2233;615538;167829
BE;Wohlen bei Bern;3632;592773;203518
BE;Wolfisberg;244;616642;236278
BE;Worb;2110;610063;197358
BE;Worben;281;589210;216645
BE;Wynau;509;627756;233980
BE;Wynigen;2830;619226;217024
BE;Wyssachen;1171;629073;213739
BE;Zauggenried;367;607110;213327
BE;ZÑziwil;542;617446;193865
BE;Zielebach;192;610184;223014
BE;Zimmerwald;894;601465;191762
BE;Zollikofen;538;601047;204797
BE;Zuzwil (BE);346;602164;210979
BE;Zweisimmen;7302;595490;155341
BE;Zwieselberg;245;613483;173182
LU;Adligenswil;699;670620;213897
LU;Aesch (LU);462;660742;234373
LU;Alberswil;354;642214;221972
LU;AltbÅron;677;633774;226625
LU;Altishofen;577;639445;227909
LU;Altwis;292;661608;232496
LU;Baldeggersee;522;662281;227968
LU;Ballwil;875;668155;222117
LU;BeromÅnster;285;657402;228231
LU;Buchrain;481;669026;217148
LU;Buchs (LU);467;645461;228041
LU;BÅron;541;649738;229388
LU;Buttisholz;1675;649609;218345
LU;Dagmersellen;1402;642154;229604
LU;Dierikon;278;670912;216330
LU;Doppleschwand;695;646555;206940
LU;Ebersecken;856;637917;225601
LU;Ebikon;968;667809;214523
LU;Egolzwil;416;642790;226059
LU;Eich;594;655560;223474
LU;Emmen;2033;664360;215409
LU;Entlebuch;5689;650921;203008
LU;Ermensee;568;660277;230813
LU;Eschenbach (LU);1323;666276;219753
LU;Escholzmatt;6141;638213;195822
LU;Ettiswil;646;643971;222127
LU;Fischbach;805;635466;222435
LU;FlÅhli;10819;643589;188780
LU;Gelfingen;389;663404;229104
LU;Gettnau;608;640059;220980
LU;Geuensee;645;651363;228097
LU;Gisikon;109;673215;219834
LU;Greppen;332;676095;211985
LU;Grossdietwil;1019;634978;225095
LU;Grosswangen;1971;646753;220461
LU;Gunzwil;2324;656037;227824
LU;Hallwilersee (LU);152;659651;234426
LU;HÑmikon;466;663702;232597
LU;Hasle (LU);4029;648548;200122
LU;Hergiswil bei Willisau;3135;639254;212427
LU;Herlisberg;262;660057;227651
LU;Hildisrieden;705;660160;222126
LU;Hitzkirch;358;662024;230538
LU;Hochdorf;963;664701;223891
LU;Hohenrain;1959;666532;226129
LU;Honau;125;673639;220652
LU;Horw;1284;666313;207297
LU;Inwil;1031;670548;220174
LU;Knutwil;973;647912;227330
LU;Kottwil;611;645706;223765
LU;Kriens;2734;662363;208071
LU;Kulmerau;362;649265;233791
LU;Langnau bei Reiden;860;638805;231411
LU;Lieli;367;665690;229393
LU;Littau;1325;661751;212502
LU;Luthern;3779;635650;211264
LU;Luzern;1581;667369;211056
LU;Malters;2863;657111;210473
LU;Marbach (LU);4510;635833;189476
LU;Mauensee;716;647296;225037
LU;Meggen;728;670935;211578
LU;Meierskappel;679;676136;218772
LU;Menznau;3038;644953;213095
LU;Mosen;160;659704;232580
LU;MÅswangen;451;665050;232465
LU;Nebikon;373;641040;226868
LU;Neudorf;1282;658495;225251
LU;Neuenkirch;2548;658012;217221
LU;Nottwil;1031;652877;219889
LU;Oberkirch;910;650325;222836
LU;Ohmstal;445;639094;223278
LU;Pfaffnau;1763;633816;230515
LU;Pfeffikon;248;654981;233029
LU;Rain;939;662552;220400
LU;Reiden;1118;641828;233037
LU;Retschwil;261;661062;227755
LU;Richenthal;723;637381;228969
LU;Rickenbach (LU);940;653730;230983
LU;Roggliswil;621;633461;229203
LU;Rîmerswil;1396;662138;224285
LU;Romoos;3732;642242;206057
LU;Root;866;672089;218246
LU;Rothenburg;1557;662617;217408
LU;Ruswil;4520;652954;214285
LU;Schenkon;670;652688;225794
LU;Schlierbach;717;651534;230943
LU;Schongau;1245;662955;235511
LU;Schîtz;1089;641595;224285
LU;SchÅpfheim;3826;643628;199702
LU;Schwarzenbach;326;658585;231957
LU;Schwarzenberg;3925;656721;205262
LU;Sempach;891;657685;221225
LU;Sempachersee;1438;654352;221712
LU;Sulz (LU);385;664806;230561
LU;Sursee;586;650456;225405
LU;Triengen;849;648628;232035
LU;Udligenswil;623;672966;216003
LU;Uffikon;518;644392;229592
LU;Ufhusen;1224;634480;217538
LU;VierwaldstÑttersee (LU);4081;672413;208726
LU;Vitznau;891;680052;207861
LU;Wauwil;295;644540;226065
LU;Weggis;1180;676316;210052
LU;Werthenstein;1577;650846;209765
LU;Wikon;830;640900;235341
LU;Wilihof;240;647404;230148
LU;Willisau Land;3771;641558;216708
LU;Willisau Stadt;338;641589;219218
LU;Winikon;757;645781;231504
LU;Wolhusen;1430;646957;211538
LU;Zell (LU);1390;636995;220641
LU;Zugersee (LU);242;679268;218640
UR;Altdorf (UR);1021;691629;193726
UR;Andermatt;6220;691356;163941
UR;Attinghausen;4689;684312;186937
UR;Bauen;378;686378;198155
UR;BÅrglen (UR);5301;698507;195386
UR;Erstfeld;5912;688587;185234
UR;FlÅelen;1242;691973;196656
UR;Gîschenen;10435;681123;168632
UR;Gurtnellen;8335;690575;177605
UR;Hospental;3500;686055;162323
UR;Isenthal;6099;682757;193371
UR;Realp;7803;679066;159307
UR;Schattdorf;1631;694012;189428
UR;Seedorf (UR);1546;687441;192646
UR;Seelisberg;1334;686308;201389
UR;Silenen;14477;700279;181478
UR;Sisikon;1633;693066;198922
UR;Spiringen;6473;707088;192876
UR;UnterschÑchen;8033;703320;190575
UR;VierwaldstÑttersee (UR);1924;688500;198912
UR;Wassen;9689;683691;175405
SZ;Alpthal;2288;696911;212644
SZ;Altendorf;2040;705342;225376
SZ;Arth;4208;682932;212016
SZ;Einsiedeln;9904;701730;219359
SZ;Feusisberg;1749;697998;225674
SZ;Freienbach;1373;700953;228070
SZ;Galgenen;1329;708698;224909
SZ;Gersau;1436;682811;206636
SZ;Illgau;1089;698978;205873
SZ;Ingenbohl;1343;688198;206523
SZ;Innerthal;5016;712286;214895
SZ;KÅssnacht am Rigi;2936;676440;214962
SZ;Lachen;242;707549;227900
SZ;Lauerz;923;686803;208825
SZ;Morschach;2081;692028;202977
SZ;Muotathal;17216;706541;201997
SZ;Oberiberg;3294;702114;209675
SZ;Reichenburg;1159;716364;224470
SZ;Riemenstalden;1121;695251;199872
SZ;Rothenthurm;2285;694447;217149
SZ;Sattel;1736;690611;215017
SZ;SchÅbelbach;2901;713343;223736
SZ;Schwyz;5325;693962;208784
SZ;Sihlsee;1075;702227;220034
SZ;Steinen;1184;688964;211850
SZ;Steinerberg;690;686788;213570
SZ;Tuggen;1352;713745;228740
SZ;Unteriberg;4656;705838;211718
SZ;VierwaldstÑttersee (SZ);1676;683094;205134
SZ;Vorderthal;2798;710068;220492
SZ;Wangen (SZ);845;709962;228076
SZ;Wollerau;632;695746;227107
SZ;Zugersee (SZ);1167;680509;215436
SZ;ZÅrichsee (SZ);1748;705087;229521
OW;Alpnach;5376;660316;200176
OW;Engelberg;7485;675963;185877
OW;Giswil;8596;651891;187416
OW;Kerns;9258;665809;187997
OW;Lungern;4650;655644;181993
OW;Sachseln;5391;661615;187308
OW;Sarnen;7312;656224;194413
OW;Sarnersee;736;659315;190924
OW;VierwaldstÑttersee (OW);255;665341;201354
NW;Beckenried;2422;678274;199523
NW;Buochs;995;674689;202006
NW;Dallenwil;1547;670559;196669
NW;Emmetten;2493;682643;199957
NW;EnnetbÅrgen;933;674035;204902
NW;Ennetmoos;1407;667315;199560
NW;Hergiswil (NW);1430;663428;204182
NW;Oberdorf (NW);1625;673647;199486
NW;Stans;1109;670381;201279
NW;Stansstad;912;669826;204001
NW;VierwaldstÑttersee (NW);3440;675597;204415
NW;Wolfenschiessen;9277;672883;190618
GL;Betschwanden;975;722884;198895
GL;Bilten;1581;719008;223064
GL;Braunwald;1019;717543;200606
GL;Diesbach (GL);720;722712;200507
GL;Elm;9081;730864;196431
GL;Engi;4067;731627;206720
GL;Ennenda;2223;726139;211723
GL;Filzbach;1388;728030;217715
GL;Glarus;6925;717099;208922
GL;Haslen;1155;724358;202249
GL;HÑtzingen;319;722587;202281
GL;Leuggelbach;173;721557;204297
GL;Linthal;13123;717452;191410
GL;Luchsingen;2029;718891;204001
GL;Matt;4118;733847;203742
GL;Mitlîdi;623;724827;208477
GL;Mollis;2187;725533;217344
GL;MÅhlehorn;769;732138;217423
GL;NÑfels;3693;719043;215773
GL;Netstal;1067;721767;213778
GL;Nidfurn;258;722082;205310
GL;Niederurnen;1411;720224;220756
GL;Oberurnen;1280;719830;219012
GL;Obstalden;2380;730244;215569
GL;Riedern;152;721642;212193
GL;RÅti (GL);615;720471;199153
GL;Schwanden (GL);3065;725263;203837
GL;SchwÑndi;346;723008;208176
GL;Sool;1327;728214;208208
GL;Walensee (GL);440;729966;220765
ZG;Aegerisee;726;689573;219647
ZG;Baar;2485;683232;227750
ZG;Cham;1775;676398;228301
ZG;HÅnenberg;1843;674342;227166
ZG;Menzingen;2753;688289;224983
ZG;Neuheim;794;686688;228247
ZG;OberÑgeri;2997;691659;220909
ZG;Risch;1485;676037;221548
ZG;Steinhausen;504;679452;228043
ZG;UnterÑgeri;2559;686439;219456
ZG;Walchwil;1355;683031;218076
ZG;Zug;2161;682259;222679
ZG;Zugersee (ZG);2433;679407;222321
FR;Agriswil;140;581936;200418
FR;Albeuve;1259;568536;150586
FR;Alterswil;1611;586651;182388
FR;Arconciel;617;575744;177868
FR;Attalens;976;555395;151358
FR;Auboranges;192;551443;159368
FR;Aumont;528;555489;183058
FR;Autafond;242;572323;185072
FR;Autavaux;144;557147;190506
FR;Autigny;622;568576;176599
FR;Avry-devant-Pont;343;572521;170735
FR;Avry-sur-Matran;428;571549;182005
FR;Barberàche;917;578218;189897
FR;Bas-Vully;995;575099;202085
FR;Belfaux;646;573784;186456
FR;Berlens;300;562729;171678
FR;Besencens;211;556308;159765
FR;Billens-Hennens;488;557775;170607
FR;Bionnens;109;555409;165033
FR;Bollion;86;553253;185217
FR;Bonnefontaine;499;582141;175504
FR;Bîsingen;1434;584540;192564
FR;Bossonnens;410;554696;153243
FR;Botterens;196;575138;163100
FR;Bouloz;381;557794;162766
FR;Broc;1004;575532;161058
FR;BrÅnisried;325;587602;178479
FR;BÅchslen;155;580187;199326
FR;Bulle;1240;569375;162667
FR;Bussy (FR);359;558345;187168
FR;Cerniat (FR);3369;581880;168303
FR;ChÉbles;477;552043;185933
FR;Chapelle (Broye);205;555242;179352
FR;Chapelle (GlÉne);203;553952;159798
FR;Charmey;7844;582071;161209
FR;ChÉtel-Saint-Denis;4791;562268;152790
FR;ChÉtel-sur-Montsalvens;204;576193;163019
FR;ChÉtillon (FR);131;553564;186715
FR;ChÉtonnaye;633;561763;178123
FR;Chavannes-les-Forts;448;558365;166284
FR;Chavannes-sous-Orsonnens;411;565402;175215
FR;Cheiry;441;553861;177644
FR;ChÇnens;395;566223;176993
FR;ChÇsopelloz;162;572391;183924
FR;Cheyres;513;550347;184594
FR;Corbiäres;415;575599;167216
FR;Cordast;313;578093;191380
FR;Corjolens;155;569907;181800
FR;Cormagens;160;577049;187264
FR;Corminboeuf;562;573863;183495
FR;Corpataux-Magnedens;437;574018;176888
FR;Corserey;344;565663;180178
FR;Cottens (FR);497;569252;178087
FR;Courgevaux;336;574567;194953
FR;Courlevon;326;575006;193447
FR;Courtaman;119;576579;191163
FR;Courtepin;288;576019;190087
FR;Cressier (FR);417;577093;194121
FR;CrÇsuz;178;577229;163515
FR;Cugy (FR);655;558420;184569
FR;Delley;439;564236;196099
FR;Domdidier;893;567778;190255
FR;Dompierre (FR);445;565746;189618
FR;DÅdingen;3078;581112;188208
FR;Echarlens;463;572327;166131
FR;Ecublens (FR);490;551619;162873
FR;Ecuvillens;523;572483;178324
FR;Enney;847;571488;156755
FR;Ependes (FR);561;577856;178478
FR;Esmonts;228;554694;166091
FR;Essert (FR);247;578899;176142
FR;Estavannens;2111;576372;156993
FR;Estavayer-le-Gibloux;248;568325;174867
FR;Estavayer-le-Lac;639;555616;188887
FR;EstÇvenens;332;563759;168436
FR;Farvagny;1003;571536;175235
FR;Ferpicloz;101;578993;177413
FR;FÇtigny;409;559927;182976
FR;Fiaugäres;388;558076;159926
FR;Font;250;553365;187205
FR;Forel (FR);503;558604;191586
FR;FrÑschels;312;582471;205229
FR;Frasses;197;556353;186257
FR;Fribourg;930;578712;183708
FR;Galmiz;906;577790;200902
FR;Gempenach;169;581727;199168
FR;Giffers;521;583612;178222
FR;Gillarens;199;553031;159758
FR;Givisiez;346;576107;184667
FR;Gletterens;291;561705;194502
FR;Grandvillard;2417;574749;153045
FR;Granges (Veveyse);446;553037;152888
FR;Granges-de-Vesin;114;554444;184549
FR;Granges-Paccot;400;577850;185881
FR;Grangettes;331;564547;169043
FR;Grattavache;221;560575;160558
FR;Greng;97;573583;195964
FR;Grolley;534;571670;186837
FR;Gruyäres;2838;570353;158179
FR;Gumefens;318;571806;169782
FR;Gurmels;586;579722;193276
FR;Guschelmuth;308;577215;192672
FR;Hauteville;1051;576704;168646
FR;Haut-Vully;752;572122;201000
FR;Heitenried;912;589605;187249
FR;Jaun;5521;586788;161643
FR;Jeuss;178;579400;194872
FR;Kerzers;1223;581748;203380
FR;Kleinbîsingen;301;582005;193568
FR;La Corbaz;230;575394;187836
FR;La Joux (FR);443;561538;163970
FR;La Magne;87;561123;165299
FR;La Neirigue;144;562947;170433
FR;La Roche;2407;578750;171309
FR;La Tour-de-Tràme;1145;570533;161034
FR;Lac de Gruyäre;919;574006;168294
FR;Lac de NeuchÉtel (FR);5339;554874;191889
FR;Le Bry;339;572593;171970
FR;Le ChÉtelard;751;566044;169469
FR;Le Cràt;746;560191;161883
FR;Le PÉquier (FR);451;570278;160100
FR;LÇchelles;874;568742;186992
FR;Lentigny;481;566606;178891
FR;Les Ecasseys;164;559494;163475
FR;Lessoc;1486;572152;150249
FR;Liebistorf;386;581301;195612
FR;Lieffrens;180;558656;164778
FR;Lossy-Formangueires;300;575077;186868
FR;Lovens;188;568141;180391
FR;Lully (FR);277;555115;186818
FR;Lurtigen;232;579735;197513
FR;Lussy (FR);446;561779;174093
FR;Mannens-Grandsivaz;500;564626;182433
FR;Marly;770;577895;180578
FR;Marsens;601;569415;167337
FR;Massonnens;425;564632;171816
FR;Matran;286;573454;181475
FR;Maules;527;566167;165849
FR;MÇniäres;435;557812;181722
FR;Meyriez;34;574728;196966
FR;MÇziäres (FR);593;560868;169879
FR;Middes;518;562569;180450
FR;Misery-Courtion;1140;573028;189735
FR;Montagny (FR);1253;566569;185167
FR;Montbovon;2002;566989;146758
FR;Montbrelloz;184;557933;189398
FR;Montet (Broye);192;556298;185229
FR;Montet (GlÉne);219;552101;165758
FR;MontÇvraz;332;580281;174508
FR;Morens (FR);259;559230;188433
FR;Morlon;248;573061;163715
FR;Mossel;319;555778;162670
FR;Muntelier;113;576934;199100
FR;Murist;820;552083;182941
FR;Murten;1205;577486;198357
FR;Murtensee (FR);1432;574008;198576
FR;Neirivue;1298;568672;153166
FR;Neyruz (FR);554;571456;179720
FR;NorÇaz;690;569306;183529
FR;Nuvilly;400;553799;181712
FR;Oberried (FR);295;581281;175063
FR;Oberschrot;535;587093;176216
FR;Onnens (FR);360;569435;180183
FR;Orsonnens;395;566046;173795
FR;Pierrafortscha;506;580301;181148
FR;Plaffeien;5928;590586;170661
FR;Plasselb;1812;585091;173346
FR;Pont (Veveyse);221;555066;160162
FR;Ponthaux;592;570133;185167
FR;Pont-la-Ville;432;575144;172551
FR;Porsel;356;556502;161310
FR;Portalban;287;562863;195400
FR;Posieux;671;574732;180099
FR;Praratoud;224;554516;176257
FR;Praroman;320;580311;177764
FR;PrÇvondavaux;179;551373;175772
FR;Prez-vers-NorÇaz;568;567617;181719
FR;Prez-vers-Siviriez;417;556798;165046
FR;Progens;371;560292;159673
FR;Promasens;251;552766;161298
FR;Rechthalten;729;585281;179151
FR;Remaufens;591;557349;154126
FR;Riaz;776;569666;165747
FR;Ried bei Kerzers;619;580047;201619
FR;Romanens;340;564605;166924
FR;Romont (FR);1089;560191;172235
FR;Rossens (FR);510;574098;174756
FR;Rue;669;553379;162956
FR;Rueyres-les-PrÇs;319;559772;189686
FR;Rueyres-Saint-Laurent;293;569339;173658
FR;Rueyres-Treyfayes;256;562915;166268
FR;Russy;370;566850;187858
FR;Saint-Aubin (FR);789;565192;193550
FR;Saint-Martin (FR);378;557334;158262
FR;SÉles (Gruyäre);755;563582;164037
FR;Salvenach;381;578186;195931
FR;Schmitten (FR);1350;585333;188619
FR;Seiry;186;553939;185018
FR;Semsales;2936;562978;157734
FR;Senädes;50;577421;176806
FR;SÇvaz;249;556960;187747
FR;Siviriez;846;557070;167866
FR;Sommentier;326;559853;165111
FR;Sorens;872;569777;168981
FR;St.Antoni;1679;588082;185284
FR;St.Silvester;707;583339;176351
FR;St.Ursen;1576;583635;181767
FR;Staatswald Galm;254;580188;196300
FR;Surpierre;258;555428;177524
FR;Tafers;840;583389;185041
FR;Tentlingen;361;581772;179638
FR;Torny-le-Grand;500;564034;179714
FR;Treyvaux;1144;577463;174822
FR;Ueberstorf;1612;591442;190933
FR;Ulmiz;283;581721;197673
FR;Ursy;225;553845;164856
FR;Vallon;350;562998;192765
FR;Vauderens;239;555004;163762
FR;Vaulruz;1016;565348;162708
FR;Vesin;333;556770;183945
FR;Villaraboud;317;559753;167775
FR;Villarbeney;219;575346;164429
FR;Villarepos;477;572665;192420
FR;Villargiroud;324;566532;171676
FR;Villariaz;322;562162;168122
FR;Villarimboud;541;563886;176748
FR;Villarlod;282;568874;171881
FR;Villarsel-le-Gibloux;214;567634;173490
FR;Villarsel-sur-Marly;141;579893;179013
FR;Villarsiviriaux;416;567881;171096
FR;Villars-sous-Mont;373;570782;154847
FR;Villars-sur-GlÉne;549;576067;182626
FR;Villarvolard;545;575613;165854
FR;Villaz-Saint-Pierre;559;563452;174481
FR;Villeneuve (FR);354;556284;176801
FR;Vuadens;1044;566757;161997
FR;Vuarmarens;375;553566;166774
FR;Vuippens;180;572457;167892
FR;Vuissens;561;548835;176159
FR;Vuisternens-devant-Romont;410;561250;166719
FR;Vuisternens-en-Ogoz;619;570744;172630
FR;Wallenbuch;136;583789;197879
FR;Wallenried;386;575054;191747
FR;WÅnnewil-Flamatt;1323;588336;191778
FR;ZÇnauva;161;580751;174661
FR;Zumholz;189;588922;178393
SO;Aedermannsdorf;1288;611654;240153
SO;Aeschi (SO);380;616918;224969
SO;Aetigkofen;205;601938;219170
SO;Aetingen;283;604669;219749
SO;Balm bei GÅnsberg;548;608062;234484
SO;Balm bei Messen;218;599699;217057
SO;Balsthal;1570;619789;240430
SO;BÑrschwil;1123;602048;248245
SO;BÑttwil;167;605377;260099
SO;Beinwil (SO);2269;611596;245061
SO;Bellach;527;604328;228849
SO;Bettlach;1221;598498;228627
SO;Biberist;1229;608271;226017
SO;Bibern (SO);298;601162;221881
SO;Biezwil;418;598516;217866
SO;Bolken;212;616921;226931
SO;Boningen;278;631434;239268
SO;Breitenbach;680;608945;250640
SO;BrÅgglen;173;604310;221438
SO;Brunnenthal;88;602114;215012
SO;BÅren (SO);623;617694;255253
SO;BÅsserach;755;608009;248776
SO;DÑniken;541;640568;244399
SO;Deitingen;764;613790;229687
SO;Derendingen;563;611466;226778
SO;Dornach;577;613994;258437
SO;Dulliken;606;638359;243891
SO;Egerkingen;696;627043;241747
SO;Eppenberg-Wîschnau;182;644251;247845
SO;Erschwil;744;608029;246788
SO;Etziken;338;615699;226343
SO;Fehren;148;610676;249600
SO;Feldbrunnen-St.Niklaus;251;608604;230454
SO;Flumenthal;310;612387;231494
SO;Fulenbach;452;629818;236731
SO;GÑnsbrunnen;1144;602147;234569
SO;Gempen;600;616614;258646
SO;Gerlafingen;186;610113;224413
SO;Gossliwil;194;599682;220638
SO;Grenchen;2601;596128;227360
SO;Gretzenbach;583;642200;244770
SO;Grindel;308;605192;247662
SO;GÅnsberg;525;610265;234687
SO;Gunzgen;393;629990;240296
SO;HÑgendorf;1392;629163;243914
SO;Halten;183;613144;224152
SO;HÑrkingen;551;628945;239374
SO;Hauenstein-Ifenthal;535;631519;246781
SO;Heinrichswil-Winistorf;313;615104;223032
SO;Herbetswil;1630;609887;238074
SO;Hersiwil;143;614894;223938
SO;Hessigkofen;227;601600;220899
SO;Himmelried;600;611464;252675
SO;Hochwald;832;615156;255980
SO;Hofstetten-FlÅh;752;605251;257934
SO;Holderbank (SO);777;623647;242513
SO;Horriwil;263;614172;225510
SO;Hubersdorf;136;611361;232693
SO;HÅniken;101;614940;225842
SO;Kammersrohr;95;611634;233987
SO;Kappel (SO);509;631669;241227
SO;Kestenholz;858;623810;236208
SO;Kienberg;854;639874;254526
SO;KleinlÅtzel;1629;598429;252866
SO;Kriegstetten;114;611857;224893
SO;KÅttigkofen;214;605639;222294
SO;Kyburg-Buchegg;158;605702;221265
SO;Langendorf;196;605821;230087
SO;Laupersdorf;1551;616393;240397
SO;Lohn-Ammannsegg;445;606761;224716
SO;Lommiswil;577;602214;230834
SO;Lostorf;1325;637458;248753
SO;LÅsslingen;319;604765;226737
SO;Luterbach;452;611222;229457
SO;LÅterkofen-Ichertswil;443;604891;223549
SO;LÅterswil-GÑchliwil;305;600285;218908
SO;Matzendorf;1125;614244;239346
SO;Meltingen;574;611348;247625
SO;Messen;708;600887;215500
SO;Metzerlen;849;602446;257238
SO;MÅhledorf (SO);328;602792;220239
SO;MÅmliswil-Ramiswil;3553;618003;244298
SO;Nennigkofen;462;603824;225746
SO;Neuendorf;716;627395;238547
SO;Niederbuchsiten;548;625686;237581
SO;Niedererlinsbach;585;642413;249295
SO;Niedergîsgen;432;641185;247100
SO;Niederwil (SO);228;609872;232916
SO;Nuglar-St.Pantaleon;634;618852;257833
SO;Nunningen;1032;613417;249694
SO;Oberbuchsiten;941;624290;240196
SO;Oberdorf (SO);1193;604128;232141
SO;Obererlinsbach;303;641062;251301
SO;Obergerlafingen;152;611028;223424
SO;Obergîsgen;364;638940;246050
SO;Oberramsern;175;601756;218043
SO;Oekingen;240;613148;225316
SO;Oensingen;1207;621487;237490
SO;Olten;1149;634874;243878
SO;Recherswil;337;612356;223226
SO;Rickenbach (SO);276;631484;243606
SO;Riedholz;489;609950;231230
SO;Rodersdorf;534;600575;259312
SO;Rohr (SO);223;638809;251325
SO;RÅttenen;877;607176;232190
SO;Schnottwil;719;596399;217533
SO;Schînenwerd;373;643119;247076
SO;Seewen;1630;615592;252767
SO;Selzach;1948;600740;229584
SO;Solothurn;626;606928;228610
SO;Starrkirch-Wil;184;636913;243693
SO;Steinhof;164;618803;223162
SO;StÅsslingen;618;640079;249482
SO;Subingen;625;614040;227697
SO;Trimbach;762;634056;246641
SO;Tscheppach;183;603272;221942
SO;Unterramsern;157;603194;218666
SO;Walterswil (SO);450;639962;242140
SO;Wangen bei Olten;696;632719;243558
SO;Welschenrohr;1299;606201;236134
SO;Winznau;396;636718;246670
SO;Wisen (SO);478;634070;249420
SO;Witterswil;267;606588;259646
SO;Wolfwil;687;627209;235532
SO;Zuchwil;463;609470;228320
SO;Zullwil;364;612449;248590
BS;Basel;2391;611665;267459
BS;Bettingen;223;617581;268879
BS;Riehen;1086;615991;269879
BL;Aesch (BL);739;611065;258141
BL;Allschwil;892;607445;266042
BL;Anwil;396;637957;255922
BL;Arboldswil;348;621114;251599
BL;Arisdorf;999;624731;262141
BL;Arlesheim;694;614293;260539
BL;Augst;164;620973;264619
BL;Bennwil;651;625935;249556
BL;Biel-Benken;412;606197;261886
BL;Binningen;443;609729;265111
BL;Birsfelden;252;614386;266992
BL;Blauen;713;606386;255774
BL;Bîckten;229;629836;257464
BL;Bottmingen;299;610376;263490
BL;Bretzwil;733;615965;249497
BL;Brislach;939;608315;252689
BL;Bubendorf;1081;622507;255045
BL;Buckten;199;630793;251321
BL;Burg im Leimental;283;599862;255727
BL;Buus;886;632199;261632
BL;Diegten;964;628021;251003
BL;Diepflingen;144;630306;254987
BL;Dittingen;675;604082;254518
BL;Duggingen;586;612895;255620
BL;Eptingen;1119;628591;247726
BL;Ettingen;635;608091;258196
BL;Frenkendorf;458;619460;261167
BL;FÅllinsdorf;462;622109;262281
BL;Gelterkinden;979;631661;256323
BL;Giebenach;132;622556;263708
BL;Grellingen;331;611169;254250
BL;HÑfelfingen;396;632576;251462
BL;Hemmiken;339;634109;260024
BL;Hersberg;167;625978;260219
BL;Hîlstein;603;625376;252843
BL;Itingen;314;626099;257176
BL;KÑnerkinden;148;629715;251273
BL;Kilchberg (BL);159;634578;252864
BL;Lampenberg;399;623786;252928
BL;Langenbruck;1569;625104;245290
BL;LÑufelfingen;815;631491;249285
BL;Laufen;1137;603888;251042
BL;Lausen;556;624646;257805
BL;Lauwil;727;617303;247722
BL;Liedertswil;194;621243;248666
BL;Liesberg;1249;598875;249956
BL;Liestal;1821;621636;259448
BL;Lupsingen;312;619419;255086
BL;Maisprach;506;630665;263581
BL;MÅnchenstein;718;613466;263108
BL;Muttenz;1664;615848;263807
BL;Nenzlingen;366;609224;255398
BL;Niederdorf;441;623349;251166
BL;Nusshof;172;627120;260142
BL;Oberdorf (BL);619;623638;249210
BL;Oberwil (BL);788;608446;262907
BL;Oltingen;718;637618;253389
BL;Ormalingen;694;633151;258124
BL;Pfeffingen;489;610682;256282
BL;Pratteln;1070;619141;263116
BL;Ramlinsburg;224;624860;255540
BL;Reigoldswil;925;618981;249464
BL;Reinach (BL);700;611499;260759
BL;Rickenbach (BL);290;630931;259393
BL;Roggenburg;665;593810;253004
BL;Rîschenz;1007;601983;253568
BL;Rothenfluh;1093;636118;257841
BL;RÅmlingen;228;631545;253008
BL;RÅnenberg;498;633329;253555
BL;Schînenbuch;136;605082;264943
BL;Seltisberg;357;620888;256835
BL;Sissach;887;627824;258001
BL;Tecknau;235;634023;255054
BL;Tenniken;466;628384;253598
BL;Therwil;763;609081;260758
BL;ThÅrnen;225;629428;255886
BL;Titterten;371;620850;250166
BL;Wahlen;542;605498;249688
BL;Waldenburg;830;622715;247358
BL;Wenslingen;591;635552;254820
BL;Wintersingen;693;629272;260666
BL;Wittinsburg;321;630228;253323
BL;Zeglingen;791;635747;251365
BL;Ziefen;780;619921;253170
BL;Zunzgen;688;627149;254985
BL;Zwingen;462;606735;253909
SH;Altdorf (SH);304;691288;293711
SH;Bargen (SH);827;686416;294287
SH;Barzheim;147;695900;290729
SH;Beggingen;1259;682881;291099
SH;Beringen;1417;685432;284377
SH;Bibern (SH);180;692992;291672
SH;Bodensee (SH);27;707280;279404
SH;Buch (SH);379;700996;285903
SH;Buchberg;588;683928;269934
SH;BÅttenhardt;402;690409;289871
SH;Dîrflingen;582;695939;285169
SH;GÑchlingen;715;679585;285716
SH;Guntmadingen;448;684013;281765
SH;Hallau;1532;675402;283801
SH;Hemishofen;791;705288;282899
SH;Hemmental;1083;685461;288077
SH;Hofen;106;692821;292961
SH;Lohn (SH);490;692363;290189
SH;Lîhningen;686;683161;284224
SH;Merishausen;1756;687052;290911
SH;Neuhausen am Rheinfall;802;687166;281602
SH;Neunkirch;1792;680589;281818
SH;Oberhallau;603;677649;285326
SH;Opfertshofen (SH);210;691491;292045
SH;Osterfingen;534;679511;279121
SH;Ramsen;1350;703279;284708
SH;RÅdlingen;551;684965;271226
SH;Schaffhausen;3102;690230;285702
SH;Schleitheim;2160;679185;289210
SH;Siblingen;941;681531;286265
SH;Stein am Rhein;576;706590;280516
SH;Stetten (SH);469;691470;288243
SH;Thayngen;1044;695068;288834
SH;Trasadingen;415;674166;280374
SH;Wilchingen;1578;677573;279885
AR;BÅhler;561;750110;249667
AR;Gais;2123;753509;248478
AR;Grub (AR);425;755719;256405
AR;Heiden;748;757999;256600
AR;Herisau;2518;738591;249624
AR;Hundwil;2396;742064;242683
AR;Lutzenberg;226;760008;258892
AR;Rehetobel;675;754119;255011
AR;Reute (AR);499;760380;253671
AR;Schînengrund;520;735553;242639
AR;Schwellbrunn;1740;735701;246100
AR;Speicher;821;751304;253286
AR;Stein (AR);937;743702;249054
AR;Teufen (AR);1525;747207;251025
AR;Trogen;1001;753868;251974
AR;UrnÑsch;4825;738313;240026
AR;Wald (AR);682;755874;253565
AR;Waldstatt;674;739447;246777
AR;Walzenhausen;698;762815;256988
AR;Wolfhalden;695;760019;257595
AI;Appenzell;1686;749179;244739
AI;Gonten;2471;744383;242681
AI;Oberegg;1467;759885;253949
AI;RÅte;4083;752543;241140
AI;Schlatt-Haslen;1792;746887;247585
AI;Schwende;5753;747852;238486
SG;Alt St.Johann;5311;739580;227581
SG;AltstÑtten;3949;758407;246644
SG;Amden;4302;730991;224689
SG;Andwil (SG);629;738965;256055
SG;Au (SG);468;765843;255156
SG;Bad Ragaz;2535;754746;207093
SG;Balgach;650;763738;252256
SG;Benken (SG);1645;717996;227999
SG;Berg (SG);374;748074;261179
SG;Berneck;562;764010;254921
SG;Bodensee (SG);4435;755799;264172
SG;Bronschhofen;1319;721403;260197
SG;Brunnadern;666;728605;242361
SG;Buchs (SG);1595;753530;225426
SG;BÅtschwil;1378;723177;245933
SG;Degersheim;1446;731972;249722
SG;Diepoldsau;1120;766730;250474
SG;Ebnat-Kappel;4358;728080;234033
SG;Eggersriet;883;754123;257121
SG;Eichberg;543;757283;246186
SG;Ernetschwil;1027;719241;234540
SG;Eschenbach (SG);1327;712075;233742
SG;Flawil;1147;732768;251988
SG;Flums;7511;741173;213749
SG;Gaiserwald;1265;742813;255576
SG;Gams;2227;750856;230875
SG;Ganterschwil;802;725130;248340
SG;Goldach;470;752958;260073
SG;Goldingen;2211;715922;238266
SG;Gommiswald;1185;721485;233550
SG;Gossau (SG);2753;736946;253824
SG;Grabs;5464;748280;226004
SG;HÑggenschwil;910;743337;262148
SG;Hemberg;2017;732176;239873
SG;Jona;2046;707572;232335
SG;Jonschwil;1101;724469;254369
SG;Kaltbrunn;1867;722001;230039
SG;Kirchberg (SG);4256;719803;252033
SG;Krinau;725;721856;241889
SG;Krummenau;4235;736697;234653
SG;Lichtensteig;282;725322;242871
SG;LÅtisburg;1405;725759;250828
SG;Marbach (SG);439;761611;250590
SG;Mels;13912;744405;207275
SG;Mogelsberg;3298;729944;246478
SG;Mîrschwil;984;749834;259320
SG;Mosnang;5047;718652;245542
SG;Muolen;1033;741435;264584
SG;Nesslau;3818;732106;230709
SG;NiederbÅren;1584;733935;258294
SG;Niederhelfenschwil;1633;730171;260056
SG;OberbÅren;1770;731433;256047
SG;Oberhelfenschwil;1266;726412;245173
SG;Oberriet (SG);3453;760578;244840
SG;Oberuzwil;1411;728436;253698
SG;PfÑfers;12853;749870;199872
SG;Quarten;6179;735340;216353
SG;Rapperswil (SG);177;704915;231673
SG;Rebstein;439;762371;251431
SG;Rheineck;218;761680;259920
SG;Rieden;1144;724168;231828
SG;Rorschach;177;754979;260345
SG;Rorschacherberg;711;755723;259358
SG;RÅthi (SG);934;758446;240347
SG;Sargans;946;752713;213581
SG;SchÑnis;3994;723418;225914
SG;Schmerikon;414;714238;231653
SG;Sennwald;4152;754296;234558
SG;Sevelen;3034;753242;221829
SG;St.Gallen;3940;746137;254174
SG;St.Gallenkappel;1946;718159;236465
SG;St.Margrethen;686;764936;258135
SG;St.Peterzell;938;733130;243524
SG;Stein (SG);1225;735702;229414
SG;Steinach;448;750436;262306
SG;Thal;964;759653;260755
SG;TÅbach;199;751883;261069
SG;Untereggen;710;752027;257848
SG;Uznach;755;716829;231772
SG;Uzwil;1450;726597;256465
SG;Vilters-Wangs;3273;751054;208425
SG;Waldkirch;3125;740558;258710
SG;Walensee (SG);1978;735059;220812
SG;Walenstadt;4567;743488;221171
SG;Wartau;4176;753093;217736
SG;Wattwil;4395;724681;239064
SG;Weesen;539;725502;222623
SG;Widnau;423;766078;252760
SG;Wil (SG);762;721673;258082
SG;Wildhaus;3443;744983;231317
SG;Wittenbach;1221;746321;259132
SG;ZÅrichsee (SG);1089;707910;230801
SG;Zuzwil (SG);896;725400;259161
GR;Almens;834;756186;178855
GR;Alvaneu;3563;768666;175647
GR;Alvaschein;408;761279;171787
GR;Andeer;3039;751676;161312
GR;Andiast;1363;726590;186535
GR;Ardez;6140;809755;183535
GR;Arosa;4253;770194;181928
GR;Arvigo;1700;727490;130155
GR;Ausserferrera;3151;755048;157585
GR;Avers;9312;760720;146087
GR;BergÅn/Bravuogn;14574;779855;166320
GR;Bever;4575;781136;157361
GR;Bivio;7673;770764;147578
GR;Bonaduz;1439;747480;185598
GR;Bondo;2828;764824;131569
GR;Braggio;691;730555;129262
GR;Breil/Brigels;5088;721767;182784
GR;Brienz/Brinzauls;1337;765549;172561
GR;Brusio;4629;806647;126202
GR;Buseno;1117;728318;126313
GR;Calfreisen;513;764844;191518
GR;Cama;1500;736382;124692
GR;Camuns;1110;736379;172422
GR;Castaneda;396;730433;124664
GR;Castasegna;678;759938;135543
GR;Castiel;543;765918;190888
GR;Casti-Wergenstein;2562;746705;164534
GR;Castrisch;719;737799;181743
GR;Cauco;1089;729613;132752
GR;Cazis;726;751928;178143
GR;Celerina/Schlarigna;2403;784583;153749
GR;Chur;2809;759453;191119
GR;Churwalden;2669;760346;184154
GR;Clugin;250;751171;164284
GR;Conters im PrÑttigau;1840;779080;195398
GR;Cumbel;446;734699;177439
GR;Cunter;712;765857;165507
GR;Davos;25440;783909;181286
GR;Degen;672;730770;174610
GR;Disentis/MustÇr;9100;707691;176862
GR;Domat/Ems;2422;753824;187382
GR;Donath;215;751765;165444
GR;Duvin;1793;738379;173274
GR;Falera;2236;735029;187771
GR;Fanas;2184;771020;208690
GR;Feldis/Veulden;757;752948;184796
GR;Felsberg;1340;754304;191480
GR;Fideris;2536;775333;195409
GR;Filisur;4449;772268;169026
GR;FlÑsch;1994;759157;211975
GR;Flerden;609;749440;173295
GR;Flims;5048;740108;191395
GR;Flond;212;731559;180914
GR;Ftan;4309;812792;189859
GR;Fuldera;1323;822647;165610
GR;Furna;3332;769321;198226
GR;FÅrstenau;132;753634;176466
GR;Grono;1481;734444;121618
GR;GrÅsch;1002;767809;204024
GR;Guarda;3141;806211;187833
GR;Haldenstein;1856;757175;194343
GR;Hinterrhein;4830;730182;152781
GR;Igis;1088;763044;202918
GR;Ilanz;446;733949;181446
GR;Innerferrera;4395;753590;152454
GR;Jenaz;2591;772415;197530
GR;Jenins;1054;762380;208948
GR;Klosters-Serneus;19313;791776;192374
GR;KÅblis;814;779656;199947
GR;La Punt-Chamues-ch;6327;791054;158539
GR;Laax;3171;736467;189868
GR;Ladir;720;733709;185961
GR;Langwies;5496;776059;188384
GR;Lantsch/Lenz;2181;763689;175096
GR;Lavin;4625;803755;184758
GR;Leggia;918;734836;123590
GR;Lohn (GR);818;751891;169265
GR;Lostallo;5086;737589;129950
GR;LÅ;684;824946;168230
GR;LÅen;349;766655;190071
GR;Lumbrein;3786;727406;169923
GR;Luven;683;733844;179676
GR;Luzein;3160;776844;202124
GR;Madulain;1628;793801;158094
GR;Maienfeld;3232;761439;210643
GR;Maladers;759;762728;190385
GR;Malans;1140;762902;206409
GR;Malix;1256;758641;186403
GR;Marmorera;1890;769533;152207
GR;Masein;420;751754;173719
GR;Mastrils;798;759098;202993
GR;Mathon;1513;748665;167316
GR;Medel (Lucmagn);13621;708486;164641
GR;Medels im Rheinwald;1745;741949;155496
GR;Mesocco;16477;735443;145572
GR;Molinis;1321;768482;187144
GR;Mon;846;761495;168564
GR;Morissen;567;732613;177422
GR;Mulegns;3379;764309;152579
GR;MÅstair;7774;823678;163767
GR;Mutten;996;757136;170944
GR;Nufenen;2803;738053;155921
GR;Obersaxen;6151;724950;175597
GR;Pagig;525;767702;191092
GR;Parpan;929;762832;182182
GR;Paspels;459;753742;179748
GR;Patzen-FardÅn;250;752568;167413
GR;Peist;1789;771505;189496
GR;Pignia;1341;755360;163363
GR;Pigniu;1801;727417;189267
GR;Pitasch;1079;738151;176121
GR;Pontresina;11819;793549;146420
GR;Portein;342;748873;175232
GR;Poschiavo;19101;801799;136838
GR;Praden;640;763563;187774
GR;Pratval;77;753407;177517
GR;PrÑz;1135;749639;179239
GR;Ramosch;8407;822950;194400
GR;RhÑzÅns;1338;749155;183528
GR;Riein;1588;739231;178395
GR;Riom-Parsonz;5597;761582;158938
GR;Rodels;168;752892;178598
GR;Rongellen;202;753176;171140
GR;Rossa;5888;729840;138810
GR;Rothenbrunnen;311;751396;182636
GR;Roveredo (GR);3880;732146;118842
GR;Rueun;1158;729920;184058
GR;Ruschein;1256;731985;187887
GR;Saas;2672;783844;198838
GR;Safien;10058;742028;169057
GR;Sagogn;692;740221;184653
GR;Salouf;3149;760421;164490
GR;Samedan;11383;785772;148920
GR;Samnaun;5631;822832;204285
GR;San Vittore;2205;727972;122770
GR;Santa Maria in Calanca;931;731734;127225
GR;Santa Maria Val MÅstair;4160;829587;162989
GR;Sarn;760;748958;176497
GR;Savognin;2224;765828;161191
GR;Says;1447;764865;196621
GR;S-chanf;13797;795450;166919
GR;Scharans;1429;756251;176161
GR;Scheid;1232;754819;183359
GR;Schiers;6168;775495;207165
GR;Schlans;883;719329;180541
GR;Schluein;479;736188;183513
GR;Schmitten (GR);1135;771218;174995
GR;Schnaus;298;732823;185307
GR;Scuol;14414;820664;180002
GR;Seewis im PrÑttigau;4963;768847;210302
GR;Selma;291;730270;131220
GR;Sent;11161;821376;190095
GR;Sevgein;455;736286;180030
GR;Siat;1352;730942;186318
GR;Sils im Domleschg;932;754985;173067
GR;Sils im Engadin/Segl;6357;779295;142133
GR;Silvaplana;4475;780295;148394
GR;Soazza;4642;737563;134908
GR;Soglio;6759;761231;139351
GR;SplÅgen;4304;744531;156625
GR;St.Antînien;4266;783128;206044
GR;St.Antînien Ascharina;962;781556;202445
GR;St.Martin;2283;735274;168527
GR;St.Moritz;2868;782572;151547
GR;St.Peter;690;769298;190958
GR;Stampa;9481;773448;137408
GR;Stierva;1056;759324;169422
GR;Sufers;3462;748115;158053
GR;Sumvitg;10188;715123;174271
GR;Sur;2322;770660;155391
GR;Surava;698;766688;169610
GR;Surcasti;588;732394;171410
GR;Surcuolm;647;731003;179189
GR;Susch;9393;797374;181010
GR;Tamins;4074;749489;192237
GR;Tarasp;4699;814577;180395
GR;Tartar;155;751402;176469
GR;Tenna;1127;744590;179121
GR;Tersnaus;483;734363;172062
GR;Thusis;681;752537;172753
GR;Tiefencastel;1485;766455;168282
GR;Tinizong-Rona;5430;770335;160289
GR;Trans;747;756058;181054
GR;Trimmis;2840;764321;195764
GR;Trin;4720;744195;191879
GR;Trun;4308;717911;177740
GR;Tschappina;2467;747052;171294
GR;Tschiertschen;2134;765508;184708
GR;Tschierv;4257;818871;169638
GR;Tschlin;7493;828100;199105
GR;Tujetsch;13391;699029;167397
GR;Tumegl/Tomils;320;753226;181156
GR;Untervaz;2772;758201;198704
GR;Uors-Peiden;239;734265;174889
GR;Urmein;433;750174;172405
GR;Valchava;1667;825158;167156
GR;Valendas;2278;741746;181880
GR;Vals;15273;729709;159443
GR;Valzeina;1144;765579;201400
GR;Vaz/Obervaz;4251;760736;177102
GR;Vella;742;731511;175902
GR;Verdabbio;1313;735923;126219
GR;Versam;1678;745526;182427
GR;Vicosoprano;5401;770287;135036
GR;Vignogn;790;730230;172833
GR;Vrin;7124;723898;164929
GR;Waltensburg/Vuorz;3231;725092;185800
GR;Wiesen (GR);2958;774422;176551
GR;Zernez;20385;805283;172421
GR;Zillis-Reischen;2444;755528;167215
GR;Zizers;1101;762338;200561
GR;Zuoz;6577;794842;160027
AG;Aarau;892;646031;248837
AG;Aarburg;442;635433;241586
AG;Abtwil;414;669374;225182
AG;Ammerswil;318;657939;246656
AG;Aristau;865;669982;238241
AG;Arni (AG);336;674367;241147
AG;Attelwil;221;645492;234901
AG;Auenstein;569;651883;252194
AG;Auw;858;669984;229730
AG;Baden;1318;664159;257498
AG;Baldingen;284;665854;267486
AG;Beinwil (Freiamt);1126;668200;231346
AG;Beinwil am See;384;658016;235192
AG;Bellikon;496;668761;249373
AG;Benzenschwil;245;670034;233253
AG;Bergdietikon;593;670951;249002
AG;Berikon;536;671415;245210
AG;BesenbÅren;238;668522;240607
AG;Bettwil;427;663247;237800
AG;Biberstein;409;648629;252198
AG;Birmenstorf (AG);778;661669;256323
AG;Birr;502;658354;253771
AG;Birrhard;300;660625;254236
AG;Birrwil;342;657024;238082
AG;Bîbikon;262;667691;267017
AG;Boniswil;241;656869;240401
AG;Boswil;1177;665801;238867
AG;Bottenwil;511;642712;237292
AG;Bîttstein;741;659581;268324
AG;Bîzen;396;648773;260824
AG;Bremgarten (AG);804;667338;245119
AG;Brittnau;1369;637003;233870
AG;Brugg;554;658206;259787
AG;Brunegg;156;658935;252536
AG;Buchs (AG);535;649010;249429
AG;BÅnzen;580;666803;241399
AG;Burg (AG);94;655984;231700
AG;BÅttikon;282;662715;242257
AG;Buttwil;451;665850;235211
AG;DensbÅren;1251;646618;255815
AG;Dietwil;551;672540;222324
AG;Dintikon;373;659166;245938
AG;Dottikon;387;660707;248063
AG;Dîttingen;689;661288;268016
AG;DÅrrenÑsch;590;654123;241084
AG;Effingen;686;650781;260436
AG;Eggenwil;245;667967;247150
AG;Egliswil;628;656792;244811
AG;Eiken;710;641452;265300
AG;Elfingen;423;649986;262346
AG;Endingen;848;664115;264789
AG;Ennetbaden;211;666696;259228
AG;Erlinsbach;982;642744;251740
AG;Etzgen;328;650797;269507
AG;Fahrwangen;400;660853;237961
AG;Fischbach-Gîslikon;308;665897;246842
AG;Fisibach;576;672712;267957
AG;Fislisbach;506;664279;254430
AG;Freienwil;400;666336;261554
AG;Frick;995;643355;262264
AG;Full-Reuenthal;481;657455;273397
AG;Gallenkirch;140;651773;259109
AG;Gansingen;876;652182;265389
AG;Gebenstorf;563;660970;259170
AG;Geltwil;336;667183;233502
AG;Gipf-Oberfrick;1019;642017;260388
AG;Gontenschwil;969;653166;235420
AG;GrÑnichen;1723;650481;244736
AG;Habsburg;224;656345;257010
AG;HÑgglingen;774;661884;249124
AG;Hallwil;220;655889;241996
AG;Hallwilersee (AG);865;658601;237768
AG;Hausen bei Brugg;322;657957;257027
AG;Hellikon;705;636002;262097
AG;Hendschiken;351;658691;248476
AG;Hermetschwil-Staffeln;335;668254;242553
AG;Herznach;628;645830;258099
AG;Hilfikon;171;660960;242510
AG;Hirschthal;354;647526;240934
AG;Holderbank (AG);230;655230;253610
AG;Holziken;285;645037;241130
AG;Hornussen;729;647000;261397
AG;Hottwil;417;654594;265990
AG;Hunzenschwil;326;651665;248373
AG;Islisberg;166;675790;241871
AG;Ittenthal;388;646966;263325
AG;Jonen;569;672875;239204
AG;Kaiseraugst;489;622858;265087
AG;Kaiserstuhl;32;673781;269013
AG;Kaisten;1418;645647;265540
AG;Kallern;268;664388;240197
AG;Killwangen;244;668327;253414
AG;Kirchleerau;436;648076;236458
AG;Klingnau;669;661078;271200
AG;Koblenz;408;660623;272943
AG;Kîlliken;891;644016;242685
AG;KÅnten;490;666955;248728
AG;KÅttigen;1193;645686;252340
AG;Laufenburg;226;647007;267507
AG;Leibstadt;639;655647;271266
AG;Leimbach (AG);115;655341;236253
AG;Lengnau (AG);1264;666687;264190
AG;Lenzburg;1136;656018;248568
AG;Leuggern;1376;657876;270209
AG;Leutwil;374;655598;239671
AG;Linn;253;651550;258039
AG;Lupfig;515;658000;255049
AG;Magden;1103;627983;263360
AG;MÑgenwil;350;660007;251570
AG;Mandach;557;656385;267026
AG;Meisterschwanden;426;659668;238753
AG;Mellikon;271;668371;268465
AG;Mellingen;487;663046;252597
AG;Menziken;639;656635;231948
AG;Merenschwand;1106;671543;235078
AG;Mettau;330;652034;268926
AG;Mîhlin;1878;631262;268148
AG;Mînthal;392;652573;263162
AG;Moosleerau;382;647490;235032
AG;Mîriken-Wildegg;660;656401;252011
AG;Muhen;702;647173;242642
AG;MÅhlau;551;671954;231965
AG;MÅhlethal;146;640741;239128
AG;MÅlligen;315;660317;256045
AG;Mumpf;311;635743;266147
AG;MÅnchwilen (AG);245;639573;265326
AG;Murgenthal;1865;631524;234203
AG;Muri (AG);1230;668172;235989
AG;Neuenhof;538;666864;255186
AG;Niederlenz;330;655230;250563
AG;Niederrohrdorf;334;665101;252503
AG;Niederwil (AG);613;664467;248082
AG;Oberbîzberg;545;654027;261577
AG;Oberehrendingen;398;668099;260250
AG;Oberentfelden;713;645534;244993
AG;Oberflachs;339;651617;254346
AG;Oberhof;820;642869;254703
AG;Oberhofen (AG);314;651681;267500
AG;Oberkulm;943;651986;238840
AG;Oberlunkhofen;325;672514;240623
AG;Obermumpf;503;637527;264462
AG;Oberrohrdorf;427;666539;253078
AG;OberrÅti;536;672787;224441
AG;Obersiggenthal;839;664327;260808
AG;Oberwil-Lieli;537;672295;243363
AG;Oeschgen;438;643550;263950
AG;Oftringen;1285;637828;240399
AG;Olsberg;462;625630;263724
AG;Othmarsingen;474;658579;250376
AG;Reinach (AG);948;656054;234736
AG;Reitnau;581;645190;233571
AG;Rekingen (AG);310;666448;268856
AG;Remetschwil;387;667419;251219
AG;Remigen;787;655550;263242
AG;Rheinfelden;1603;627547;267311
AG;Rietheim;392;662811;272795
AG;Riniken;474;656374;260628
AG;Rohr (AG);339;648735;250726
AG;Rothrist;1184;633787;238703
AG;Rottenschwil;450;670113;240810
AG;Rudolfstetten-Friedlisberg;491;671462;246821
AG;RÅfenach;418;658338;261841
AG;RÅmikon;286;670868;268603
AG;Rupperswil;622;652311;250560
AG;Safenwil;596;641453;241121
AG;Sarmenstorf;830;661554;240372
AG;Schafisheim;638;652912;247223
AG;Scherz;331;656242;255388
AG;Schinznach Bad;188;655055;256142
AG;Schinznach Dorf;884;652812;256185
AG;Schlossrued;723;649154;237906
AG;Schmiedrued;865;650943;234911
AG;Schneisingen;823;669516;264217
AG;Schîftland;628;646664;239568
AG;Schupfart;704;639464;262650
AG;Schwaderloch;278;653193;270811
AG;Seengen;968;658217;242331
AG;Seon;962;654326;244399
AG;Siglistorf;551;671156;266010
AG;Sins;2029;670823;226545
AG;Sisseln;252;641152;266980
AG;Spreitenbach;860;670084;252315
AG;Staffelbach;891;645399;237082
AG;Staufen;350;654482;247791
AG;Stein (AG);282;638709;266178
AG;Stetten (AG);441;665405;250413
AG;Stilli;57;659629;263491
AG;Strengelbach;601;636622;236880
AG;Suhr;1058;648730;247312
AG;Sulz (AG);1227;649433;265554
AG;TÑgerig;330;663457;250247
AG;Tegerfelden;713;663681;268256
AG;Teufenthal (AG);358;652246;242072
AG;Thalheim (AG);992;649391;254474
AG;Turgi;155;661822;259992
AG;Ueken;510;645583;259574
AG;Uerkheim;710;643133;239352
AG;Uezwil;244;663445;240797
AG;Umiken;79;656384;259215
AG;Unterbîzberg;613;653611;259866
AG;Unterehrendingen;331;668836;261460
AG;Unterendingen;346;664016;266500
AG;Unterentfelden;288;645631;246567
AG;Unterkulm;886;650269;241102
AG;Unterlunkhofen;449;671410;241977
AG;Untersiggenthal;827;661610;262095
AG;Veltheim (AG);527;653554;253681
AG;Villigen;1065;657786;264657
AG;Villmergen;1023;660628;244774
AG;Villnachern;575;654575;258225
AG;Vordemwald;1013;634333;235558
AG;Wallbach;452;634556;268695
AG;Waltenschwil;455;665021;242938
AG;Wegenstetten;711;637117;260464
AG;Wettingen;1062;668050;257728
AG;Widen;261;669447;246987
AG;Wil (AG);772;654099;268640
AG;Wiliberg;115;643743;235278
AG;Windisch;490;659054;258646
AG;Wislikofen;374;669865;267413
AG;Wittnau;1125;639758;258614
AG;Wohlen (AG);1251;663622;245059
AG;Wohlenschwil;438;661523;252090
AG;Wîlflinswil;951;642358;257008
AG;WÅrenlingen;938;661036;264914
AG;WÅrenlos;902;669772;255573
AG;Zeihen;689;649337;257956
AG;Zeiningen;1137;632951;265927
AG;Zetzwil;580;654720;237739
AG;Zofingen;964;639532;237464
AG;Zufikon;480;669494;244168
AG;Zurzach;652;664190;270929
AG;Zuzgen;839;634747;263836
TG;Aadorf;1997;710884;261304
TG;Affeltrangen;1444;721004;265876
TG;Altnau;667;737037;274551
TG;Amlikon-Bissegg;1443;720158;269133
TG;Amriswil;1904;739158;267422
TG;Arbon;594;749167;264603
TG;Basadingen-Schlattingen;1561;698775;279713
TG;Berg (TG);1309;730221;271307
TG;Berlingen;356;719330;280765
TG;Bettwiesen;385;719055;261967
TG;Bichelsee-Balterswil;1226;712261;256582
TG;Birwinken;1236;733620;271042
TG;Bischofszell;1162;733908;262056
TG;Bodensee (TG);12809;742186;273838
TG;Bottighofen;240;733124;277363
TG;Braunau;918;722808;262786
TG;BÅrglen (TG);1168;729561;268091
TG;Bussnang;1889;724827;266851
TG;Diessenhofen;1011;698909;281778
TG;Dozwil;136;741491;271181
TG;Egnach;1841;745078;266026
TG;Erlen;1217;735289;268246
TG;Ermatingen;1044;724186;279692
TG;Eschenz;1200;707708;277113
TG;Eschlikon;620;714929;257503
TG;Felben-Wellhausen;738;712980;270557
TG;Fischingen;3065;714268;252787
TG;Frauenfeld;2740;709709;268498
TG;Gachnang;966;706544;267320
TG;Gottlieben;33;726839;280685
TG;GÅttingen;949;738957;273386
TG;Hauptwil-Gottshaus;1251;738765;261491
TG;Hefenhofen;605;741108;269383
TG;Herdern;1367;711401;274919
TG;Hohentannen;801;734526;264386
TG;Homburg;2415;716509;277173
TG;Horn;165;752396;262165
TG;HÅttlingen;1161;716308;270710
TG;HÅttwilen;1764;706148;274800
TG;Kemmental;2498;728023;274424
TG;Kesswil;447;740976;272448
TG;Kradolf-Schînenberg;1095;731100;264490
TG;Kreuzlingen;1151;730302;277996
TG;Langrickenbach;1084;735542;273102
TG;Lengwil;886;732464;275031
TG;Lommis;863;717092;264331
TG;Mammern;542;711239;277772
TG;MÑrstetten;994;723266;272184
TG;Matzingen;772;712264;265052
TG;MÅllheim;873;717688;273630
TG;MÅnchwilen (TG);777;717101;260129
TG;MÅnsterlingen;542;735056;276517
TG;Neunforn;1135;700265;273257
TG;Pfyn;1318;713854;273491
TG;Raperswilen;765;720847;277471
TG;Rickenbach (TG);157;721323;256395
TG;Roggwil (TG);1204;747177;263073
TG;Romanshorn;876;744307;269854
TG;Salenstein;654;721596;280003
TG;Salmsach;270;744210;268324
TG;Schlatt (TG);1553;694649;280369
TG;Schînholzerswilen;1094;727631;264084
TG;Sirnach;1243;717898;257149
TG;Sommeri;421;738834;270582
TG;Steckborn;876;716640;279783
TG;Stettfurt;637;714339;264935
TG;Sulgen;914;732084;267210
TG;TÑgerwilen;1156;727236;278838
TG;Thundorf;1560;715711;267587
TG;Tobel-TÑgerschen;706;720508;263604
TG;Uesslingen-Buch;1402;704703;271899
TG;Uttwil;430;742892;271316
TG;Wagenhausen;1184;704311;279517
TG;WÑldi;1224;723558;276159
TG;WÑngi;1641;714462;261389
TG;Warth-Weiningen;821;708563;271824
TG;Weinfelden;1549;725910;270132
TG;Wigoltingen;1720;720846;273445
TG;Wilen (TG);227;720132;256352
TG;Wuppenau;1215;726642;261807
TG;Zihlschlacht-Sitterdorf;1221;737778;264190
TI;Agno;249;713220;95344
TI;Agra;128;714175;91814
TI;Airolo;9437;689022;155180
TI;Anzonico;1061;709827;144325
TI;Aquila;6296;718696;155871
TI;Aranno;258;711151;97355
TI;Arbedo-Castione;2128;726758;118100
TI;Arogno;850;720479;90751
TI;Arosio;656;712604;101944
TI;Arzo;279;716555;82046
TI;Ascona;497;702533;112387
TI;Astano;378;706697;96912
TI;Auressio;299;696773;117766
TI;Aurigeno;1094;698644;119600
TI;Avegno;811;702364;117770
TI;Balerna;257;721916;78042
TI;Barbengo;266;714376;90589
TI;Bedano;187;714497;101246
TI;Bedigliora;248;708765;95686
TI;Bedretto;7523;680019;149440
TI;Bellinzona;1915;722252;117731
TI;Berzona;505;693992;118136
TI;Besazio;88;717642;81103
TI;Biasca;5913;721881;136243
TI;Bidogno;349;721135;105352
TI;Bignasco;8151;684493;138780
TI;Bioggio;305;714032;96922
TI;Bironico;418;715503;109397
TI;Bissone;181;718742;90081
TI;Bodio;644;713981;138263
TI;Bogno;421;726553;105723
TI;Borgnone;1060;689972;113593
TI;Bosco Luganese;153;713571;98679
TI;Bosco/Gurin;2204;680512;130412
TI;Breganzona;227;715315;96369
TI;Breno;575;709911;100120
TI;Brione (Verzasca);4856;701630;128672
TI;Brione sopra Minusio;384;706228;117066
TI;Brissago;1779;696394;109119
TI;Broglio;1297;694854;136472
TI;Brontallo;1044;692875;133881
TI;Brusino Arsizio;404;716465;86585
TI;Bruzella;344;725607;83023
TI;C'za Corticiasca-Valcolla;8;722751;106079
TI;C'za Medeglia-Robasacco;288;724711;111355
TI;C'za Sala Capriasca-Bidogno;34;722733;107356
TI;C'za Sala Capriasca-Vaglio;63;721951;107200
TI;Cabbio;569;725862;84563
TI;Cademario;396;712528;97815
TI;Cadempino;76;715761;99172
TI;Cadenazzo;565;716770;112146
TI;Cadro;452;720450;100171
TI;Cagiallo;551;720582;107050
TI;Calonico;318;708150;145665
TI;Calpiogna;330;705385;150606
TI;Camignolo;453;716899;107080
TI;Camorino;828;721523;113025
TI;Campello;396;706355;150718
TI;Campo (Blenio);2196;711240;157533
TI;Campo (Vallemaggia);4327;681221;125678
TI;Caneggio;390;724804;81806
TI;Canobbio;130;718378;99487
TI;Capolago;178;720026;84718
TI;Carabbia;106;715939;92095
TI;Carabietta;46;713471;91865
TI;Carona;475;715806;90574
TI;Casima;99;723949;83633
TI;Caslano;284;711687;91952
TI;Castel San Pietro;805;721996;82324
TI;Castro;307;712403;148001
TI;Cavagnago;668;711472;141862
TI;Cavergno;5520;684415;136366
TI;Caviano;320;703602;106500
TI;Cavigliano;548;698074;116226
TI;Cerentino;2007;685143;129312
TI;Certara;273;725939;104380
TI;Cevio;1477;689111;128741
TI;Chiasso;533;722621;76475
TI;Chiggiogna;392;706601;146210
TI;Chironico;5777;704148;142227
TI;Cimadera;528;724772;103553
TI;Cimo;86;712365;95705
TI;Claro;2122;723202;125095
TI;Coglio;957;697740;127043
TI;Coldrerio;246;720201;79228
TI;Comano;206;717518;99864
TI;Contone;233;714906;112066
TI;Corippo;773;706854;121423
TI;Corticiasca;215;722072;105388
TI;Corzoneso;1152;714261;143898
TI;Cresciano;1723;722822;129235
TI;Croglio;438;708764;93948
TI;Cugnasco;1703;713859;117156
TI;Cureggia;69;719798;97644
TI;Cureglia;106;716568;99542
TI;Curio;287;709746;95677
TI;Dalpe;1452;701668;145954
TI;Davesco-Soragno;249;719823;99072
TI;Dongio;1286;718169;145075
TI;Faido;372;704636;147827
TI;Fescoggia;245;710959;100672
TI;Frasco;2573;706217;134572
TI;Fusio;6080;692369;146250
TI;Gandria;343;721875;95460
TI;Genestrerio;149;717982;78757
TI;Gentilino;122;715266;94443
TI;Gerra (Gambarogno);314;705181;108064
TI;Gerra (Verzasca);1868;705811;129619
TI;Ghirone;3027;715283;160757
TI;Giornico;1948;709496;138530
TI;Giubiasco;623;720646;114660
TI;Giumaglio;1316;695792;127910
TI;Gnosca;745;720730;121958
TI;Gordevio;1924;702426;120991
TI;Gordola;703;710025;116212
TI;Gorduno;922;720099;120509
TI;Grancia;63;715409;91852
TI;Gravesano;69;714594;100023
TI;Gresso;1108;690865;121538
TI;Gudo;994;716359;115557
TI;Indemini;1132;708542;105845
TI;Intragna;2405;695422;113761
TI;Iragna;1839;715576;131481
TI;Iseo;100;711518;95895
TI;Isone;1282;721778;110335
TI;Lago di Lugano;2994;717114;91495
TI;Lago Maggiore;4076;703675;110667
TI;Lamone;186;715568;100417
TI;Largario;126;715198;150173
TI;Lavertezzo;5811;709836;125715
TI;Leontica;738;712644;145697
TI;Ligornetto;202;717736;80190
TI;Linescio;661;687681;129627
TI;Locarno;1929;707713;114090
TI;Loco;907;695446;118515
TI;Lodano;1375;694023;123032
TI;Lodrino;3150;716414;127432
TI;Lopagno;537;719822;106229
TI;Losone;953;700665;113886
TI;Lottigna;651;716492;146943
TI;Ludiano;619;716028;142154
TI;Lugaggia;347;719768;104871
TI;Lugano;1170;719384;96048
TI;Lumino;995;725679;122062
TI;Magadino;723;711627;111670
TI;Maggia;2385;699774;124541
TI;Magliaso;109;712362;93305
TI;Mairengo;665;704260;151114
TI;Malvaglia;8030;722958;143880
TI;Manno;238;714646;98767
TI;Maroggia;100;719044;88545
TI;Marolta;281;712600;148619
TI;Massagno;73;716567;96788
TI;Medeglia;627;717609;109004
TI;Melano;464;720619;86699
TI;Melide;168;716727;90581
TI;Mendrisio;673;720223;82713
TI;Menzonio;1064;693801;135040
TI;Mergoscia;1214;707098;119045
TI;Meride;746;716737;84219
TI;Mezzovico-Vira;1021;713887;106115
TI;Miglieglia;513;709231;98728
TI;Minusio;585;706191;115956
TI;Moghegno;703;696321;121597
TI;Moleno;749;717911;125010
TI;Montagnola;314;714559;92961
TI;Monte;241;723009;82372
TI;Monte Carasso;964;718522;118198
TI;Monteggio;336;705756;94761
TI;Morbio Inferiore;229;722964;78803
TI;Morbio Superiore;275;724327;80753
TI;Morcote;280;714047;88152
TI;Mosogno;861;692346;116746
TI;Mugena;363;711685;101736
TI;Muggio;839;723897;85690
TI;Muralto;60;705402;114532
TI;Muzzano;157;714546;95106
TI;Neggio;91;711517;94095
TI;Novaggio;431;708908;97312
TI;Novazzano;518;719636;77969
TI;Olivone;7609;710524;154655
TI;Onsernone;2986;688604;117541
TI;Origlio;207;716570;101094
TI;Orselina;195;704728;115555
TI;Osco;1190;702051;151134
TI;Osogna;1899;721861;131760
TI;Palagnedra;1674;692232;110557
TI;Pambio-Noranco;57;715630;93765
TI;Paradiso;89;716978;94057
TI;Pazzallo;162;716432;93325
TI;Peccia;5422;689033;142480
TI;Personico;3904;712036;133814
TI;Pianezzo;802;724368;113460
TI;Piazzogna;387;707921;109046
TI;Pollegio;589;715942;136639
TI;Ponte Capriasca;620;722366;107250
TI;Ponte Tresa;41;710041;92111
TI;Ponto Valentino;1029;712092;149592
TI;Porza;158;717260;98393
TI;Prato (Leventina);1685;699335;148110
TI;Prato-Sornico;3837;696634;139275
TI;Pregassona;223;718983;97981
TI;Preonzo;1644;717842;123101
TI;Prugiasco;595;711670;147095
TI;Pura;304;710572;93403
TI;Quinto;7520;697676;153781
TI;Rancate;231;718939;81596
TI;Riva San Vitale;597;718344;85428
TI;Rivera;1335;713310;109108
TI;Robasacco;273;716778;110761
TI;Ronco sopra Ascona;502;699004;111469
TI;Rossura;1458;707934;149050
TI;Roveredo (TI);69;719479;104090
TI;Rovio;553;721121;88325
TI;Sagno;168;724752;80135
TI;Sala Capriasca;842;718277;104919
TI;Salorino;498;721245;82956
TI;San Nazzaro;553;706405;108719
TI;Sant'Abbondio;320;704412;107270
TI;Sant'Antonino;658;718574;112466
TI;Sant'Antonio;3358;728311;113225
TI;Savosa;74;716630;97521
TI;Sementina;825;718219;116522
TI;Semione;1042;716541;140062
TI;Sessa;287;706663;95571
TI;Sigirino;871;712823;104810
TI;Sobrio;636;712901;140125
TI;Someo;3279;691904;126750
TI;Sonogno;3752;701479;135673
TI;Sonvico;1106;721716;102634
TI;Sorengo;85;715961;95362
TI;Stabio;615;716085;78439
TI;Tegna;289;700761;116468
TI;Tenero-Contra;369;708573;115749
TI;Tesserete;309;718824;105880
TI;Torre;1073;717886;149127
TI;Torricella-Taverne;524;714032;102935
TI;Tremona;158;718035;82166
TI;Vacallo;162;724131;78530
TI;Vaglio;319;718660;104342
TI;Valcolla;1134;724470;106610
TI;Vergeletto;4078;685271;121671
TI;Vernate;151;711702;94826
TI;Verscio;300;699532;116578
TI;Vezia;139;715859;98147
TI;Vezio;367;710859;102005
TI;Vico Morcote;191;715135;88108
TI;Viganello;118;718646;96852
TI;Villa Luganese;220;721251;101267
TI;Vira (Gambarogno);1199;709877;109386
TI;Vogorno;2388;711552;120269
VD;Aclens;392;528879;157871
VD;Agiez;547;528822;174533
VD;Aigle;1636;564097;129400
VD;Allaman;261;519760;147064
VD;Apples;1296;521626;156475
VD;Arnex-sur-Nyon;204;503919;136491
VD;Arnex-sur-Orbe;762;529481;171391
VD;Arrissoules;86;549578;183165
VD;Arzier;5190;501672;149202
VD;Assens;450;537686;163151
VD;Aubonne;688;519120;149356
VD;Avenches;1643;569491;192696
VD;Ballaigues;904;521410;176483
VD;Ballens;847;518654;156358
VD;Bassins;2080;504821;149441
VD;Baulmes;2253;528292;182262
VD;Bavois;932;533273;170215
VD;Begnins;476;508919;144629
VD;Bellerive (VD);227;568504;196979
VD;Belmont-sur-Lausanne;264;542369;153076
VD;Belmont-sur-Yverdon;649;537849;176633
VD;Bercher;426;543977;171422
VD;Berolle;959;514898;158042
VD;Bettens;374;533850;164032
VD;Bex;9660;573041;122749
VD;Biäre;2500;514020;155786
VD;Bioley-Magnoux;427;544657;175299
VD;Bioley-Orjulaz;312;535832;163470
VD;Blonay;1604;560337;147535
VD;Bofflens;419;527859;172927
VD;Bogis-Bossey;244;502471;134395
VD;Bonvillars;754;541348;189172
VD;Borex;201;503110;137404
VD;Bottens;679;540507;162936
VD;Bougy-Villars;177;516470;148614
VD;Boulens;345;544883;169995
VD;Bournens;389;533004;162343
VD;Boussens;315;534671;161707
VD;Bremblens;291;529498;155638
VD;Brenles;385;555428;168678
VD;Bretigny-sur-Morrens;288;539143;161401
VD;Bretonniäres;546;525972;174324
VD;Buchillon;213;521082;146711
VD;Bullet;1685;532739;188321
VD;Bursinel;177;513183;143918
VD;Bursins;336;511467;145177
VD;Burtigny;568;509882;147364
VD;Bussigny-präs-Lausanne;482;531910;156179
VD;Bussigny-sur-Oron;117;555896;157665
VD;Bussy-Chardonney;305;523460;153768
VD;Bussy-sur-Moudon;309;551882;171223
VD;Carrouge (VD);542;548969;161492
VD;Cerniaz (VD);177;558696;175472
VD;Chabrey;396;565233;197646
VD;Chamblon;285;535853;181107
VD;Champagne;393;539957;187494
VD;Champmartin;260;566381;198828
VD;Champtauroz;305;550162;178860
VD;Champvent;688;533068;181766
VD;ChanÇaz;139;546947;175393
VD;Chapelle-sur-Moudon;463;546168;168876
VD;Chardonne;1031;552628;148776
VD;ChÉteau-d'Oex;11378;576899;143719
VD;ChÉtillens;211;551443;156929
VD;Chavannes-de-Bogis;285;501145;132894
VD;Chavannes-des-Bois;213;499725;130336
VD;Chavannes-le-Chàne;398;549770;181204
VD;Chavannes-le-Veyron;258;524036;162434
VD;Chavannes-präs-Renens;165;533835;153349
VD;Chavannes-sur-Moudon;515;552604;167936
VD;Chavornay;1107;533496;173186
VD;Chàne-PÉquier;211;548965;179637
VD;Chesalles-sur-Moudon;165;553931;169452
VD;Chesalles-sur-Oron;200;555089;158317
VD;Cheseaux-NorÇaz;609;542775;182300
VD;Cheseaux-sur-Lausanne;460;535377;159602
VD;ChÇserex;1060;500758;140780
VD;Chessel;357;558216;133708
VD;Chevilly;389;526232;166261
VD;Chevroux;437;559808;193536
VD;Chexbres;214;549416;148333
VD;Chigny;90;526172;152109
VD;Clarmont;101;524150;155737
VD;Coinsins;290;507658;142044
VD;Colombier (VD);530;525532;156459
VD;Combremont-le-Grand;661;553032;179570
VD;Combremont-le-Petit;574;551480;177412
VD;Commugny;652;501590;131055
VD;Concise;1140;545010;190913
VD;Constantine;283;568207;195812
VD;Coppet;187;503762;130771
VD;Corbeyrier;2200;564692;135460
VD;Corcelles-le-Jorat;794;545772;161368
VD;Corcelles-präs-Concise;409;543660;189391
VD;Corcelles-präs-Payerne;1212;564051;188040
VD;Corcelles-sur-Chavornay;549;536219;172732
VD;Correvon;224;546694;174370
VD;Corseaux;107;553127;146821
VD;Corsier-sur-Vevey;674;556427;149395
VD;Cossonay;832;528359;162812
VD;Cottens (VD);237;524474;158581
VD;Crans-präs-CÇligny;429;505090;135520
VD;Crassier;203;502251;136864
VD;Cremin;163;554286;174873
VD;Crissier;550;533955;156724
VD;Cronay;661;543791;178668
VD;Croy;449;527012;170873
VD;Cuarnens;717;523211;164910
VD;Cuarny;456;542947;180242
VD;Cudrefin;1325;569131;200480
VD;Cugy (VD);295;539077;159234
VD;Cully;237;545735;149989
VD;Curtilles;495;555028;172319
VD;Daillens;555;531909;164541
VD;DÇmoret;424;547975;177630
VD;Denens;327;524337;152262
VD;Denezy;378;550086;174763
VD;Denges;167;530976;152845
VD;Dizy;303;527725;165237
VD;Dommartin;294;543243;166118
VD;Dompierre (VD);322;557287;173486
VD;Donatyre;111;571334;191469
VD;Donneloye;372;545075;178115
VD;Duillier;419;507029;140488
VD;Dully;166;512120;142913
VD;Echallens;666;538483;165561
VD;Echandens;387;530908;154667
VD;Echichens;260;527733;153630
VD;Eclagnens;214;535187;166773
VD;EclÇpens;581;531427;167090
VD;Ecoteaux;355;555435;155470
VD;Ecublens (VD);571;532628;153300
VD;Epalinges;457;540932;155781
VD;Ependes (VD);479;536111;177412
VD;Epesses;160;547057;149792
VD;Essertes;166;550191;157237
VD;Essertines-sur-Rolle;697;513529;148657
VD;Essertines-sur-Yverdon;978;539300;174366
VD;Essert-Pittet;276;534358;175775
VD;Essert-sous-Champvent;122;534776;182878
VD;Etagniäres;380;536404;161470
VD;Etoy;493;521922;148611
VD;Eysins;238;505084;137388
VD;Faoug;345;572245;194660
VD;FÇchy;271;518148;148056
VD;Ferlens (VD);218;550224;159961
VD;Ferreyres;313;526593;168114
VD;Fey;735;541957;169358
VD;Fiez;683;534358;189278
VD;Fontaines-sur-Grandson;786;536035;189786
VD;Fontanezier;373;539905;190422
VD;Forel (Lavaux);1853;548161;154291
VD;Forel-sur-Lucens;284;553036;175205
VD;Founex;480;503483;132448
VD;Froideville;712;542770;161047
VD;Genolier;483;506375;143493
VD;Giez;478;536740;185156
VD;Gilly;778;512601;146285
VD;Gimel;1886;511832;153468
VD;Gingins;1258;500032;142490
VD;Givrins;397;504509;143142
VD;Gland;831;510388;141597
VD;Gollion;544;528973;159843
VD;Gossens;102;543478;176782
VD;Goumoens-la-Ville;727;536658;168006
VD;Goumoens-le-Jux;129;534898;168855
VD;Grancy;565;525072;160734
VD;Grandcour;1018;561396;191383
VD;Grandevent;346;535768;188691
VD;Grandson;790;539388;185141
VD;Grandvaux;295;544991;150479
VD;Granges-präs-Marnand;695;557879;179710
VD;Grens;254;504097;139123
VD;Gressy;224;538868;178240
VD;Gryon;1515;573709;126633
VD;Henniez;263;557677;176970
VD;Hermenches;476;547619;165372
VD;Jongny;216;554543;148656
VD;Jouxtens-MÇzery;193;535381;155976
VD;Juriens;935;522840;170679
VD;L'Abbaye;3192;513626;164986
VD;L'Abergement;574;526276;179001
VD;L'Isle;1625;519929;164221
VD;La Chaux (Cossonay);673;525671;163944
VD;La Praz;513;522382;169230
VD;La Rippe;1661;498360;140367
VD;La Rogivue;106;558250;157134
VD;La Sarraz;777;528518;167441
VD;La Tour-de-Peilz;330;556270;145015
VD;Lac de Joux;877;511751;165870
VD;Lac de NeuchÉtel (VD);7410;553209;192133
VD;Lac LÇman (VD);29811;532695;144166
VD;Lausanne;4136;539696;155936
VD;Lavey-Morcles;1418;569171;117631
VD;Lavigny;401;520885;150446
VD;Le Chenit;9922;505416;159579
VD;Le Lieu;3255;511287;168625
VD;Le Mont-sur-Lausanne;981;538660;156767
VD;Le Vaud;311;507464;148064
VD;Les ClÇes;702;526070;176230
VD;Les Cullayes;212;547617;158194
VD;Les Tavernes;229;551768;155972
VD;Les Thioleyres;193;552166;154319
VD;Leysin;1853;567093;133555
VD;Lignerolle;1062;524261;177798
VD;Lonay;371;529294;153593
VD;Longirod;947;508936;150997
VD;Lovatens;345;556187;171372
VD;Lucens;627;554021;173290
VD;Luins;269;510605;144010
VD;Lully (VD);206;525320;150752
VD;Lussery-Villars;365;530101;165029
VD;Lussy-sur-Morges;233;523963;150443
VD;Lutry;846;543241;151801
VD;Malapalud;83;538815;163958
VD;Maracon;333;556717;156319
VD;Marchissy;1198;506915;150365
VD;Marnand;224;559204;179020
VD;Martherenges;83;547741;168014
VD;Mathod;659;533256;179088
VD;Mauborget;550;536680;190976
VD;Mauraz;50;521689;161817
VD;Mex (VD);290;532567;158810
VD;MÇzery-präs-Donneloye;185;545916;178222
VD;MÇziäres (VD);348;548421;159760
VD;Mies;347;501555;128871
VD;Missy;311;564562;191782
VD;Moiry;666;524535;167377
VD;Mollens (VD);1100;516965;159179
VD;Molondin;553;547227;179343
VD;Monnaz;161;526450;153965
VD;Montagny-präs-Yverdon;355;536718;182474
VD;Montaubion-Chardonney;209;544451;166327
VD;Montcherand;306;529081;176289
VD;Montherod;497;516786;151110
VD;Mont-la-Ville;1975;519482;167460
VD;Montmagny;377;567345;196181
VD;Montpreveyres;411;545729;159138
VD;Montreux;3340;561748;144618
VD;Montricher;2594;517272;161909
VD;Mont-sur-Rolle;384;515353;147707
VD;Morges;386;527439;151848
VD;Morrens (VD);368;537806;160449
VD;Moudon;1568;550446;169194
VD;Mur (VD);178;570665;199064
VD;Murtensee (VD);834;570933;196446
VD;Mutrux;321;545100;192606
VD;Naz;116;543003;167852
VD;Neyruz-sur-Moudon;352;550206;171989
VD;Novalles;206;535416;187115
VD;Noville;1032;558262;136994
VD;Nyon;683;506743;137947
VD;Ogens;340;545313;173351
VD;Oleyres;192;569794;189324
VD;Ollon;5959;569418;128132
VD;Onnens (VD);512;542592;188953
VD;Oppens;360;543143;174070
VD;Orbe;1202;531539;175481
VD;Orges;401;534678;184902
VD;Ormont-Dessous;6410;571773;136525
VD;Ormont-Dessus;6153;578889;132865
VD;Orny;555;531049;169175
VD;Oron-la-Ville;311;552850;157989
VD;Oron-le-ChÉtel;126;554208;158077
VD;Orzens;419;542232;175294
VD;Oulens-sous-Echallens;588;533723;166532
VD;Oulens-sur-Lucens;159;552253;173118
VD;Pailly;577;541482;172347
VD;PalÇzieux;577;553828;155814
VD;Pampigny;1108;522088;159947
VD;Paudex;48;541289;151074
VD;Payerne;2419;561546;185461
VD;Peney-le-Jorat;446;545639;164553
VD;Penthalaz;387;530320;162794
VD;Penthaz;392;531259;161220
VD;PenthÇrÇaz;566;536340;170519
VD;Perroy;289;517084;147109
VD;Peyres-Possens;191;543914;168247
VD;Pizy;252;516189;149660
VD;Poliez-le-Grand;515;541171;165658
VD;Poliez-Pittet;500;542559;163873
VD;Pompaples;445;529811;169918
VD;Pomy;562;541216;178862
VD;Prahins;242;546070;176392
VD;Prangins;603;509003;139497
VD;Premier;611;523777;173606
VD;PrÇverenges;185;530198;152046
VD;PrÇvonloup;184;557484;172001
VD;Prilly;219;536051;154520
VD;Provence;3179;542515;194739
VD;Puidoux;2286;549994;151093
VD;Pully;585;540986;152541
VD;Rances;984;528873;179833
VD;Renens (VD);296;534874;154133
VD;Rennaz;221;559966;136178
VD;Reverolle;119;523404;154970
VD;Riex;137;546413;150198
VD;Rivaz;32;549422;147444
VD;Roche (VD);645;560486;134400
VD;Rolle;272;514959;145736
VD;Romainmìtier-Envy;701;525253;171157
VD;Romairon;489;538433;191670
VD;Romanel-sur-Lausanne;287;536352;156903
VD;Romanel-sur-Morges;176;528826;156564
VD;Ropraz;482;547532;162424
VD;Rossenges;108;549202;167227
VD;Rossens (VD);113;560586;175898
VD;Rossiniäre;2334;571060;146041
VD;Rougemont;4855;582402;149925
VD;Rovray;235;548369;181831
VD;Rueyres;201;543041;172079
VD;Saint-BarthÇlemy (VD);411;535945;165190
VD;Saint-Cergue;2426;499248;145308
VD;Saint-Cierges;644;546913;170966
VD;Sainte-Croix;3943;527534;186277
VD;Saint-George;1230;509388;153056
VD;Saint-LÇgier-La ChiÇsaz;1512;558504;148881
VD;Saint-Livres;810;518766;152417
VD;Saint-Oyens;305;512458;149930
VD;Saint-Prex;551;524030;148718
VD;Saint-Saphorin (Lavaux);91;550426;147741
VD;Saint-Saphorin-sur-Morges;379;527373;155435
VD;Saint-Sulpice (VD);185;532550;151675
VD;Sarzens;145;554926;170309
VD;Sassel;335;555775;180731
VD;Saubraz;369;514681;152505
VD;Savigny;1600;545422;155537
VD;SÇdeilles;247;561153;176988
VD;Seigneux;372;557218;175372
VD;Senarclens;398;526902;161329
VD;Sergey;148;528349;178187
VD;Servion;420;549476;158249
VD;SÇvery;237;523602;158191
VD;Signy-Avenex;193;505048;138677
VD;Sottens;453;546475;167178
VD;Suchy;666;536272;174800
VD;Sugnens;269;541388;167311
VD;Sullens;385;533246;160362
VD;SuscÇvaz;415;534926;179356
VD;Syens;253;549436;165955
VD;Tannay;180;502007;129665
VD;Tartegnin;109;513438;147112
VD;Thierrens;872;548020;172741
VD;Tolochenaz;159;526201;150491
VD;TrÇlex;569;504500;141611
VD;Trey;380;560633;180545
VD;Treycovagnes;207;536447;180151
VD;Treytorrens (Payerne);306;551407;180597
VD;Ursins;337;541192;176223
VD;Valeyres-sous-Montagny;227;536261;183597
VD;Valeyres-sous-Rances;636;530980;177849
VD;Valeyres-sous-Ursins;283;539981;177432
VD;Vallamand;237;569460;198231
VD;Vallorbe;2318;518394;173517
VD;Vaugondry;84;538737;188891
VD;Vaulion;1318;519332;171087
VD;Vaux-sur-Morges;210;525227;154606
VD;Vevey;239;554635;146060
VD;Veytaux;672;563496;141883
VD;Vich;156;508585;142550
VD;Villars-Bramard;320;559172;174476
VD;Villars-Burquin;481;537909;190265
VD;Villars-Epeney;86;543528;181603
VD;Villars-le-Comte;422;551304;173793
VD;Villars-le-Grand;421;566478;195009
VD;Villars-le-Terroir;706;539074;168139
VD;Villars-Mendraz;155;545503;166264
VD;Villars-Sainte-Croix;166;532884;157719
VD;Villars-sous-Champvent;92;534789;181941
VD;Villars-sous-Yens;306;522594;151127
VD;Villars-Tiercelin;502;544260;163445
VD;Villarzel;406;559533;177103
VD;Villeneuve (VD);3208;564199;139549
VD;Villette (Lavaux);136;544389;150727
VD;Vinzel;111;510752;145000
VD;Vuarrens;899;539350;170813
VD;Vucherens;326;549239;164184
VD;Vufflens-la-Ville;529;530909;158638
VD;Vufflens-le-ChÉteau;214;525419;153195
VD;Vugelles-La Mothe;308;534047;186354
VD;Vuibroye;141;551434;157956
VD;Vuiteboeuf;503;532525;184055
VD;Vulliens;664;550588;163680
VD;Vullierens;682;526580;158469
VD;Yens;949;520819;153380
VD;Yverdon-les-Bains;1127;538783;180650
VD;Yvonand;1338;546357;182374
VD;Yvorne;1219;562063;132079
VS;Agarn;765;617314;124422
VS;Albinen;1548;615870;133641
VS;Arbaz;1929;594970;127687
VS;Ardon;2035;584515;119867
VS;Ausserberg;1490;631964;130724
VS;Ausserbinn;461;655662;136897
VS;Ayent;5513;597816;130728
VS;Ayer;11907;615582;107101
VS;Bagnes;28225;590741;94695
VS;Baltschieder;3144;632390;128467
VS;Bellwald;1369;655197;143957
VS;Betten;2635;647533;141872
VS;Binn;6503;661325;135519
VS;Birgisch;575;638738;134631
VS;Bister;584;649262;133346
VS;Bitsch;402;643948;132748
VS;Blatten;9065;632729;143792
VS;Blitzingen;1181;658518;143846
VS;Bourg-Saint-Pierre;9009;582472;85356
VS;Bovernier;1286;572434;101455
VS;Bratsch;617;620875;131006
VS;Brig-Glis;3808;641662;126452
VS;BÅrchen;1345;629251;124328
VS;C'za Gluringen-Ritzingen;68;659659;146729
VS;Chalais;2446;607062;121812
VS;Chamoson;3247;581363;118206
VS;ChampÇry;3888;554214;112097
VS;Chandolin;1665;611856;122531
VS;Charrat;762;576668;107805
VS;Chermignon;538;602906;126354
VS;Chippis;198;608037;125041
VS;Collombey-Muraz;2984;559226;125550
VS;Collonges;1223;570448;114396
VS;Conthey;8497;585827;124581
VS;DorÇnaz;1257;570878;111208
VS;Eggerberg;594;634492;128787
VS;Eischoll;1377;624940;125690
VS;Eisten;3805;636213;114291
VS;Embd;1339;627589;118428
VS;Ergisch;2991;622331;122254
VS;Ernen;1531;656546;138565
VS;Erschmatt;1120;619620;132867
VS;Evionnaz;4799;562109;110866
VS;Evoläne;20994;605483;99809
VS;Ferden;2792;622751;137438
VS;Fiesch;1126;652270;140457
VS;Fieschertal;17296;648147;150049
VS;Filet;726;647815;133006
VS;Finhaut;2288;560778;102124
VS;Fully;3776;574755;111836
VS;Gampel;1688;622747;132101
VS;Geschinen;1004;664382;150508
VS;Gluringen;740;659864;147630
VS;Goppisberg;253;646929;136561
VS;GrÑchen;1432;631665;116220
VS;Grafschaft;2262;658765;146190
VS;Greich;285;646322;136408
VS;Grengiols;5846;653767;132335
VS;Grimentz;5830;609741;109413
VS;Grimisuat;444;595549;122728
VS;Grìne;2114;603692;120224
VS;Guttet-Feschel;1051;618273;133718
VS;HÇrÇmence;10752;596682;104140
VS;Hohtenn;699;625316;131070
VS;Icogne;2481;601330;132163
VS;Inden;986;612264;134351
VS;IsÇrables;1524;586802;110741
VS;Kippel;1166;625350;138373
VS;Lac LÇman (VS);1062;553239;139077
VS;Lalden;128;635377;127773
VS;Lax;502;651228;138796
VS;Lens;1391;601494;127041
VS;Les Agettes;509;594570;116261
VS;Leuk;4416;614962;126933
VS;Leukerbad;6723;614538;138992
VS;Leytron;2686;578178;116566
VS;Liddes;6016;580626;91996
VS;Martigny;2497;572341;106255
VS;Martigny-Combe;3763;568671;102152
VS;Martisberg;301;650347;138444
VS;Mase;1110;601697;115997
VS;Massongex;663;564814;120445
VS;Mex (VS);792;564661;114662
VS;Miäge;253;608457;129231
VS;Mollens (VS);3251;607656;133188
VS;Montana;489;603814;127439
VS;Monthey;2864;559775;120812
VS;Mîrel;119;646376;133933
VS;MÅhlebach;979;659484;139769
VS;Mund;4012;635449;134266
VS;MÅnster (VS);3856;664172;148994
VS;Naters;10117;641852;139729
VS;Nax;2455;603067;117262
VS;Nendaz;8600;590673;110129
VS;Niedergesteln;1742;627232;131758
VS;Niederwald;468;658440;142066
VS;Oberems;8460;619934;115876
VS;Obergesteln;1456;667403;153301
VS;Oberwald;9692;673225;156701
VS;Orsiäres;16503;573872;91243
VS;Port-Valais;1434;555338;135305
VS;Randa;5453;626341;105119
VS;Randogne;1688;604608;130785
VS;Raron;3031;629917;132480
VS;Reckingen (VS);3384;663268;145019
VS;Riddes;2387;584502;110190
VS;Ried-Brig;4750;648269;126306
VS;Ried-Mîrel;1566;645170;136441
VS;Saas Almagell;11022;640883;100409
VS;Saas Balen;3018;638371;111326
VS;Saas Fee;4060;635643;104291
VS;Saas Grund;2455;641262;109432
VS;Saillon;1374;578386;114042
VS;Saint-Gingolph;1438;551542;135460
VS;Saint-Jean;1555;609355;117501
VS;Saint-LÇonard;390;599097;122792
VS;Saint-Luc;3188;614061;119010
VS;Saint-Martin (VS);3702;601674;111909
VS;Saint-Maurice;703;566966;116419
VS;Salgesch;1134;610488;129110
VS;Salins;414;593444;117357
VS;Salvan;5351;562984;106644
VS;Saviäse;7093;590197;128676
VS;Saxon;2323;580351;109451
VS;Sembrancher;1763;577339;102026
VS;Sierre;1918;605928;125209
VS;Simplon;9082;646126;117002
VS;Sion;2562;594400;119892
VS;St.Niklaus;8925;627947;111825
VS;Stalden (VS);1043;633822;120325
VS;Staldenried;1432;636383;118570
VS;Steg;716;625033;132141
VS;Steinhaus;567;657830;141072
VS;TÑsch;5872;628831;100348
VS;Termen;1873;647752;130199
VS;Tîrbel;1759;630651;121244
VS;Trient;3957;565964;97787
VS;Troistorrents;3698;557315;120304
VS;Turtmann;682;621039;127853
VS;Ulrichen;4435;669096;148169
VS;UnterbÑch;2199;626131;122520
VS;Unterems;135;619588;126426
VS;Val-d'Illiez;3926;557569;115731
VS;Varen;1281;611871;131807
VS;Venthìne;253;606749;128193
VS;Vernamiäge;739;599775;117676
VS;Vernayaz;561;568573;109696
VS;VÇrossaz;1428;563703;116732
VS;VÇtroz;1045;587038;119390
VS;Vex;1299;596332;116156
VS;Veyras;145;607988;128044
VS;Veysonnaz;110;592235;116201
VS;Vionnaz;2093;556297;128642
VS;Visp;1317;634082;126757
VS;Visperterminen;5162;638684;121412
VS;Vissoie;150;611108;118979
VS;Volläges;1788;577950;104972
VS;Vouvry;3354;554624;131791
VS;Wiler (Lîtschen);1466;626791;139620
VS;Zeneggen;749;632549;124792
VS;Zermatt;24269;624330;93178
VS;Zwischbergen;8615;651013;112605
NE;Auvernier;168;557396;203088
NE;Bevaix;1078;551676;197982
NE;Bielersee (NE);52;572672;211731
NE;Bìle;258;554226;202153
NE;Boudevilliers;1257;556599;209109
NE;Boudry;1677;551978;200419
NE;Boveresse;1290;535313;198057
NE;Brot-Dessous;495;548486;201382
NE;Brot-Plamboz;1603;547855;203979
NE;Buttes;1820;531130;192891
NE;Cernier;911;559139;214048
NE;ChÇzard-Saint-Martin;1305;561104;214564
NE;Coffrane;649;555365;206675
NE;Colombier (NE);452;555863;202222
NE;Corcelles-Cormondräche;486;556547;204410
NE;Cornaux;472;567995;209207
NE;Cortaillod;369;555026;199387
NE;Couvet;1641;538466;198421
NE;Cressier (NE);855;568694;211229
NE;Dombresson;1277;563152;214946
NE;Enges;959;567583;213544
NE;Engollon;262;560879;210452
NE;Fenin-Vilars-Saules;648;561413;208751
NE;Fleurier;774;535323;194142
NE;Fontainemelon;245;557847;212160
NE;Fontaines (NE);1014;557773;212518
NE;Fresens;158;547350;193288
NE;Gorgier;1398;548698;197238
NE;Hauterive;212;564324;207479
NE;La BrÇvine;4182;534869;202260
NE;La Chaux-de-Fonds;5566;554063;217863
NE;La Chaux-du-Milieu;1728;543473;206145
NE;La Cìte-aux-FÇes;1285;527479;190659
NE;La Sagne;2555;551618;210895
NE;Lac de NeuchÉtel (NE);8549;557891;198886
NE;Le Cerneux-PÇquignot;1567;541507;207489
NE;Le Landeron;1031;571047;212665
NE;Le Locle;2314;547538;211581
NE;Le PÉquier (NE);958;566039;217447
NE;Les Bayards;1915;529534;198119
NE;Les Brenets;1153;545783;214001
NE;Les Geneveys-sur-Coffrane;786;554272;207779
NE;Les Hauts-Geneveys;795;555732;211245
NE;Les Planchettes;1173;549353;217685
NE;Les Ponts-de-Martel;1823;545846;205333
NE;Les Verriäres;2868;526596;196435
NE;Ligniäres;1251;570540;215654
NE;Marin-Epagnier;335;567562;206596
NE;Montalchez;641;546355;195589
NE;Montmollin;406;553741;205848
NE;Mìtiers (NE);642;537703;195101
NE;NeuchÉtel;1810;561936;206610
NE;Noiraigue;638;545363;200464
NE;Peseux;343;558231;205090
NE;Rochefort;2089;551706;204138
NE;Saint-Aubin-Sauges;771;547874;195336
NE;Saint-Blaise;887;565823;208743
NE;Saint-Sulpice (NE);1309;532702;197074
NE;Savagnier;853;563647;211110
NE;Thielle-Wavre;209;568444;207833
NE;Travers;2465;542085;200009
NE;Valangin;377;559007;207115
NE;Vaumarcus;178;547262;191888
NE;Villiers;1059;566286;215471
GE;Aire-la-Ville;284;492191;116373
GE;Aniäres;387;507080;125519
GE;Avully;461;488769;113913
GE;Avusy;521;489549;111917
GE;Bardonnex;500;497968;111689
GE;Bellevue;440;499609;123720
GE;Bernex;1299;494192;115036
GE;Carouge (GE);269;499755;115302
GE;Cartigny;437;491268;114836
GE;CÇligny;466;503920;134160
GE;Chancy;535;487216;111732
GE;Chàne-Bougeries;412;502968;116568
GE;Chàne-Bourg;129;504155;116974
GE;Choulex;388;506281;120153
GE;Collex-Bossy;688;498520;126213
GE;Collonge-Bellerive;613;504992;122833
GE;Cologny;367;503304;119238
GE;Confignon;274;495778;114539
GE;Corsier (GE);272;506675;124134
GE;Dardagny;856;488104;117375
GE;Genäve;1593;499895;117974
GE;Genthod;285;500969;124707
GE;Gy;330;509871;122927
GE;Hermance;144;508000;127606
GE;Jussy;1134;510556;121295
GE;Lac LÇman (GE);3667;503804;125010
GE;Laconnex;385;491498;112918
GE;Lancy;477;498161;115681
GE;Le Grand-Saconnex;436;498219;121341
GE;Meinier;696;507170;122000
GE;Meyrin;996;495126;120999
GE;Onex;285;496683;115708
GE;Perly-Certoux;248;495640;112741
GE;Plan-les-Ouates;591;498066;113351
GE;Pregny-ChambÇsy;326;499951;121736
GE;Presinge;469;509065;119194
GE;Puplinge;268;506886;118430
GE;Russin;496;490022;116827
GE;Satigny;1897;491826;119031
GE;Soral;289;492505;111700
GE;Thìnex;380;504742;116824
GE;Troinex;339;500542;112751
GE;Vandoeuvres;439;504710;119360
GE;Vernier;765;496283;118590
GE;Versoix;1050;500359;127498
GE;Veyrier;650;501784;114151
JU;Alle;1060;576429;253114
JU;Asuel;1013;582366;248950
JU;Bassecourt;1557;585047;242716
JU;BeurnevÇsin;508;576953;260225
JU;BoÇcourt;1234;583703;245653
JU;Boncourt;898;567514;259781
JU;Bonfol;1359;578751;258374
JU;Bourrignon;1358;586161;249163
JU;Bressaucourt;950;569828;248228
JU;Buix;821;568899;258365
JU;Bure;1366;566679;254269
JU;Charmoille;919;583191;252924
JU;ChÉtillon (JU);533;592910;241247
JU;Chevenez;2172;566347;249062
JU;Coeuve;1164;574110;255789
JU;Corban;785;602690;244708
JU;Cornol;1043;579203;250478
JU;Courchapoix;638;601013;244240
JU;Courchavon;621;570403;254238
JU;Courfaivre;1238;587990;242128
JU;Courgenay;1842;576083;249176
JU;Courrendlin;1110;595135;242647
JU;Courroux;1970;596551;246482
JU;Courtedoux;820;569012;251425
JU;Courtemaåche;897;570456;256400
JU;CourtÇtelle;1355;590853;242244
JU;Damphreux;565;574575;258141
JU;Damvant;504;558984;246504
JU;DelÇmont;2198;592014;247143
JU;Develier;1246;588129;245997
JU;Ederswiler;329;592126;252392
JU;Epauvillers;843;575814;243003
JU;Epiquerez;936;572701;241797
JU;Fahy;780;563635;252238
JU;Fontenais;1050;572679;248608
JU;FregiÇcourt;349;581411;251139
JU;Glovelier;1436;580787;241816
JU;Goumois;853;563722;235277
JU;Grandfontaine;898;561864;249134
JU;La Chaux-des-Breuleux;406;568954;230276
JU;Lajoux (JU);1239;576938;236517
JU;Le BÇmont (JU);1168;569329;234756
JU;Le Noirmont;2039;562539;229314
JU;Le Peuchapatte;257;564301;227362
JU;Les Bois;2477;559037;225541
JU;Les Breuleux;1081;566951;228348
JU;Les Enfers;710;569221;237921
JU;Les Genevez (JU);1364;575417;233754
JU;Les Pommerats;1147;565795;236349
JU;Lugnez;509;574026;259464
JU;Mervelier;972;605848;243266
JU;Mettembert;235;591619;249620
JU;MiÇcourt;646;579833;253403
JU;Montenol;219;577970;244525
JU;Montfaucon;1481;572229;235849
JU;Montfavergier;344;573252;239350
JU;Montignez;586;571350;259249
JU;Montmelon;1201;580010;245524
JU;Montsevelier;776;605538;245484
JU;Movelier;807;591681;250926
JU;Muriaux;1432;565746;230300
JU;Ocourt;1162;572166;244963
JU;Pleigne;1782;588367;251866
JU;Pleujouse;181;583526;251313
JU;Porrentruy;1476;572259;252343
JU;Rebeuvelier;842;598449;241056
JU;RÇcläre;622;561134;246590
JU;Roche-d'Or;349;563398;246166
JU;Rocourt;446;563874;248517
JU;Rossemaison;188;592867;243687
JU;SaignelÇgier;1166;568299;232859
JU;Saint-Brais;1517;575809;239819
JU;Saint-Ursanne;1137;578499;245477
JU;Saulcy;784;578983;239115
JU;Seleute;678;575178;245902
JU;Soubey;1348;569898;240000
JU;Soulce;1472;588541;238783
JU;Soyhiäres;754;595418;249929
JU;Undervelier;1402;583650;238900
JU;Vellerat;205;594464;240513
JU;Vendlincourt;915;578117;255720
JU;Vermes;1834;603494;240929
JU;Vicques;1277;599128;244451
FL;Balzers;1972;760335;218357
FL;Eschen;1039;758439;230230
FL;Gamprin;617;757749;230783
FL;Mauren;747;760469;231242
FL;Planken;536;761124;227201
FL;Ruggel;739;758614;234868
FL;Schaan;2695;760306;224069
FL;Schellenberg;356;759919;234066
FL;Triesen;2645;760630;216791
FL;Triesenberg;2972;762059;220976
FL;Vaduz;1726;759792;223030
